-- MySQL dump 10.13  Distrib 8.0.14, for macos10.14 (x86_64)
--
-- Host: localhost    Database: guitarShop2
-- ------------------------------------------------------
-- Server version	8.0.14

/*!40101 SET @OLD_CHARACTER_SET_CLIENT=@@CHARACTER_SET_CLIENT */;
/*!40101 SET @OLD_CHARACTER_SET_RESULTS=@@CHARACTER_SET_RESULTS */;
/*!40101 SET @OLD_COLLATION_CONNECTION=@@COLLATION_CONNECTION */;
 SET NAMES utf8 ;
/*!40103 SET @OLD_TIME_ZONE=@@TIME_ZONE */;
/*!40103 SET TIME_ZONE='+00:00' */;
/*!40014 SET @OLD_UNIQUE_CHECKS=@@UNIQUE_CHECKS, UNIQUE_CHECKS=0 */;
/*!40014 SET @OLD_FOREIGN_KEY_CHECKS=@@FOREIGN_KEY_CHECKS, FOREIGN_KEY_CHECKS=0 */;
/*!40101 SET @OLD_SQL_MODE=@@SQL_MODE, SQL_MODE='NO_AUTO_VALUE_ON_ZERO' */;
/*!40111 SET @OLD_SQL_NOTES=@@SQL_NOTES, SQL_NOTES=0 */;

--
-- Table structure for table `address`
--

DROP TABLE IF EXISTS `address`;
/*!40101 SET @saved_cs_client     = @@character_set_client */;
 SET character_set_client = utf8mb4 ;
CREATE TABLE `address` (
  `address_id` int(11) NOT NULL,
  `street` varchar(40) DEFAULT NULL,
  `town` varchar(20) DEFAULT NULL,
  `county` varchar(20) DEFAULT NULL,
  `eircode` varchar(14) DEFAULT NULL,
  `tel_no` varchar(16) DEFAULT NULL,
  `last_update` date DEFAULT NULL,
  PRIMARY KEY (`address_id`)
) ENGINE=InnoDB DEFAULT CHARSET=utf8mb4 COLLATE=utf8mb4_0900_ai_ci;
/*!40101 SET character_set_client = @saved_cs_client */;

--
-- Dumping data for table `address`
--

LOCK TABLES `address` WRITE;
/*!40000 ALTER TABLE `address` DISABLE KEYS */;
INSERT INTO `address` VALUES (1,'224 Darwin Place','Kungur',NULL,'663140','(241) 6504273','2018-03-28'),(2,'11830 Maple Place','Yelenendorf',NULL,NULL,'(139) 9364950','2018-11-07'),(3,'1006 Bay Alley','Mander',NULL,NULL,'(826) 7932943','2018-12-23'),(4,'3340 Hanover Lane','Huancarqui',NULL,NULL,'(249) 6976119','2018-07-29'),(5,'6833 Dennis Road','Kruisfontein',NULL,'2661','(860) 5012131','2018-12-13'),(6,'00946 Fisk Drive','North Little Rock','Arkansas','72199','(501) 6749393','2018-11-20'),(7,'95060 Hayes Park','Jajce',NULL,NULL,'(191) 7598242','2018-04-09'),(8,'3612 Rutledge Place','Sungai Raya',NULL,NULL,'(815) 5435400','2018-10-25'),(9,'45308 Crowley Pass','Juzhen',NULL,NULL,'(968) 4822032','2018-07-01'),(10,'8 Lillian Street','Kaniów',NULL,'26-050','(690) 1560355','2018-01-03'),(11,'1 Lighthouse Bay Place','Xinpu',NULL,NULL,'(634) 1239960','2018-12-07'),(12,'7345 Hermina Place','Craigavon','Northern Ireland','BT66','(139) 6476772','2018-07-02'),(13,'709 Vidon Court','Belfast','Northern Ireland','BT2','(172) 6134267','2018-03-06'),(14,'65753 Annamark Place','Craigavon','Northern Ireland','BT66','(478) 6615029','2018-10-05'),(15,'6 Ramsey Lane','Belfast','Northern Ireland','BT2','(691) 9156502','2018-01-02'),(16,'81246 Hoard Parkway','Belfast','Northern Ireland','BT2','(442) 7138368','2018-09-11'),(17,'2 Bluejay Terrace','Craigavon','Northern Ireland','BT66','(422) 7116974','2018-06-29'),(18,'73 Bartillon Park','Craigavon','Northern Ireland','BT66','(484) 2899517','2018-08-08'),(19,'6 Eggendart Hill','Belfast','Northern Ireland','BT2','(800) 7574791','2018-07-26'),(20,'70090 Pearson Road','Craigavon','Northern Ireland','BT66','(993) 6692352','2018-11-29'),(21,'679 New Castle Street','Belfast','Northern Ireland','BT2','(564) 7746439','2018-07-21'),(22,'740 Lunder Way','Craigavon','Northern Ireland','BT66','(671) 4679905','2018-08-08'),(23,'227 Carberry Circle','Craigavon','Northern Ireland','BT66','(157) 6460673','2018-03-05'),(24,'970 Dryden Point','Belfast','Northern Ireland','BT2','(469) 5189485','2018-04-19'),(25,'0 Sommers Pass','Belfast','Northern Ireland','BT2','(118) 5599721','2018-07-07'),(26,'34 Lakeland Terrace','Craigavon','Northern Ireland','BT66','(775) 9288602','2018-03-08'),(27,'76 Rigney Pass','Craigavon','Northern Ireland','BT66','(140) 5177766','2018-12-28'),(28,'5 Banding Circle','Craigavon','Northern Ireland','BT66','(902) 1390868','2018-04-09'),(29,'6219 Straubel Drive','Belfast','Northern Ireland','BT2','(572) 1246464','2018-07-23'),(30,'70 Kipling Avenue','Belfast','Northern Ireland','BT2','(252) 3232629','2018-02-25'),(31,'3788 Golf View Drive','Belfast','Northern Ireland','BT2','(495) 9006748','2018-11-04'),(32,'86058 Westend Road','Craigavon','Northern Ireland','BT66','(561) 7714356','2018-03-21'),(33,'75816 Grim Parkway','Craigavon','Northern Ireland','BT66','(684) 8690424','2018-12-06'),(34,'467 Fallview Center','Belfast','Northern Ireland','BT2','(858) 7252503','2018-05-30'),(35,'84666 Kenwood Alley','Craigavon','Northern Ireland','BT66','(172) 7188754','2018-04-19'),(36,'13 Ludington Pass','Belfast','Northern Ireland','BT2','(832) 2864673','2018-03-30'),(37,'812 Springview Place','Belfast','Northern Ireland','BT2','(264) 6088075','2018-01-25'),(38,'82 Acker Plaza','Belfast','Northern Ireland','BT2','(590) 8309337','2018-05-04'),(39,'3 Harper Street','Craigavon','Northern Ireland','BT66','(720) 6895562','2018-07-28'),(40,'136 Corben Pass','Craigavon','Northern Ireland','BT66','(146) 2302150','2018-09-09'),(41,'5 Dwight Junction','Craigavon','Northern Ireland','BT66','(474) 8874306','2018-06-06'),(42,'8366 Jenna Point','Craigavon','Northern Ireland','BT66','(784) 8198998','2018-02-20'),(43,'884 Almo Center','Craigavon','Northern Ireland','BT66','(879) 8914543','2018-11-18'),(44,'674 Everett Avenue','Belfast','Northern Ireland','BT2','(625) 6122912','2018-05-08'),(45,'47 Moland Junction','Craigavon','Northern Ireland','BT66','(969) 7200807','2018-01-28'),(46,'29 Elmside Lane','Belfast','Northern Ireland','BT2','(386) 4548124','2018-12-12'),(47,'4061 Michigan Center','Belfast','Northern Ireland','BT2','(672) 4785804','2018-03-13'),(48,'239 Rowland Lane','Craigavon','Northern Ireland','BT66','(171) 5156769','2018-11-15'),(49,'6697 South Alley','Craigavon','Northern Ireland','BT66','(271) 7066705','2018-01-08'),(50,'47947 Del Mar Junction','Belfast','Northern Ireland','BT2','(286) 9521926','2018-02-04'),(51,'8 Onsgard Road','Craigavon','Northern Ireland','BT66','(642) 4447307','2018-06-16'),(52,'43035 Cordelia Avenue','Craigavon','Northern Ireland','BT66','(398) 9851118','2018-06-14'),(53,'87 Red Cloud Parkway','Craigavon','Northern Ireland','BT66','(310) 7097133','2018-11-08'),(54,'79281 Schlimgen Center','Craigavon','Northern Ireland','BT66','(498) 2411770','2018-12-05'),(55,'9397 Morrow Point','Belfast','Northern Ireland','BT2','(803) 7831895','2018-04-25'),(56,'7121 Loeprich Plaza','Craigavon','Northern Ireland','BT66','(413) 8956481','2018-09-28'),(57,'924 Bellgrove Circle','Belfast','Northern Ireland','BT2','(983) 9457256','2018-03-08'),(58,'59 Graceland Park','Belfast','Northern Ireland','BT2','(529) 6144603','2018-01-14'),(59,'4553 Carberry Road','Belfast','Northern Ireland','BT2','(913) 4188530','2018-04-14'),(60,'6 Oneill Point','Belfast','Northern Ireland','BT2','(500) 8635101','2018-11-05'),(61,'8 Eggendart Center','Belfast','Northern Ireland','BT2','(520) 9224839','2018-11-16'),(62,'3 Talmadge Road','Craigavon','Northern Ireland','BT66','(100) 5645947','2018-03-04'),(63,'88 Kenwood Way','Craigavon','Northern Ireland','BT66','(747) 7511560','2018-12-13'),(64,'2504 Lawn Street','Craigavon','Northern Ireland','BT66','(582) 2400947','2018-07-31'),(65,'010 Declaration Junction','Belfast','Northern Ireland','BT2','(700) 8974556','2018-08-17'),(66,'377 Michigan Road','Craigavon','Northern Ireland','BT66','(731) 8940348','2018-03-07'),(67,'43 Hagan Hill','Craigavon','Northern Ireland','BT66','(302) 8347551','2018-08-23'),(68,'6460 Charing Cross Circle','Craigavon','Northern Ireland','BT66','(699) 2884612','2018-09-15'),(69,'239 Anhalt Circle','Belfast','Northern Ireland','BT2','(367) 3776364','2018-04-18'),(70,'7 Sage Trail','Belfast','Northern Ireland','BT2','(910) 7339691','2018-12-05'),(71,'6 Prentice Road','Craigavon','Northern Ireland','BT66','(125) 5731690','2018-10-04'),(72,'2232 Esch Circle','Belfast','Northern Ireland','BT2','(293) 7047619','2018-10-29'),(73,'5576 Sycamore Crossing','Belfast','Northern Ireland','BT2','(379) 9540718','2018-04-21'),(74,'75 Quincy Center','Belfast','Northern Ireland','BT2','(917) 1958338','2018-12-23'),(75,'738 Coleman Park','Belfast','Northern Ireland','BT2','(792) 8544089','2018-09-08'),(76,'03117 Carioca Terrace','Belfast','Northern Ireland','BT2','(370) 2252740','2018-05-03'),(77,'494 Hanson Way','Belfast','Northern Ireland','BT2','(875) 1230233','2018-09-28'),(78,'68 Atwood Alley','Craigavon','Northern Ireland','BT66','(659) 7782663','2018-12-06'),(79,'42221 Manitowish Street','Belfast','Northern Ireland','BT2','(298) 2431825','2018-09-01'),(80,'93 Jenna Point','Belfast','Northern Ireland','BT2','(600) 9142063','2018-02-24'),(81,'1 Anniversary Park','Belfast','Northern Ireland','BT2','(946) 6510284','2018-06-08'),(82,'2061 Rockefeller Crossing','Craigavon','Northern Ireland','BT66','(681) 4938432','2018-08-11'),(83,'27 Mesta Park','Craigavon','Northern Ireland','BT66','(578) 7621263','2018-10-07'),(84,'15077 Bayside Terrace','Craigavon','Northern Ireland','BT66','(143) 2862551','2018-04-26'),(85,'1 Valley Edge Park','Belfast','Northern Ireland','BT2','(208) 2568799','2018-12-06'),(86,'6341 Pierstorff Point','Craigavon','Northern Ireland','BT66','(386) 2680148','2018-07-15'),(87,'0288 Weeping Birch Hill','Craigavon','Northern Ireland','BT66','(598) 8690114','2018-10-17'),(88,'36 Leroy Junction','Craigavon','Northern Ireland','BT66','(917) 7006810','2018-10-05'),(89,'02 8th Junction','Belfast','Northern Ireland','BT2','(338) 7993788','2018-10-31'),(90,'785 Bunker Hill Way','Belfast','Northern Ireland','BT2','(217) 6733447','2018-10-03'),(91,'80 Lakeland Drive','Belfast','Northern Ireland','BT2','(441) 6102715','2018-12-03'),(92,'27353 Sloan Hill','Craigavon','Northern Ireland','BT66','(512) 8309436','2018-08-23'),(93,'067 Bunting Pass','Belfast','Northern Ireland','BT2','(652) 9821818','2018-12-10'),(94,'8421 Sloan Plaza','Craigavon','Northern Ireland','BT66','(698) 2996154','2018-10-18'),(95,'66 Homewood Center','Craigavon','Northern Ireland','BT66','(416) 6775373','2018-02-21'),(96,'697 Bay Center','Craigavon','Northern Ireland','BT66','(604) 4115324','2018-05-25'),(97,'9 Pine View Avenue','Craigavon','Northern Ireland','BT66','(211) 6591111','2018-10-16'),(98,'68675 Atwood Point','Belfast','Northern Ireland','BT2','(127) 9560230','2018-07-03'),(99,'71373 Sachtjen Circle','Belfast','Northern Ireland','BT2','(924) 6402364','2018-03-04'),(100,'1573 Farwell Hill','Craigavon','Northern Ireland','BT66','(386) 5101840','2018-04-06'),(101,'06 Scoville Crossing','Craigavon','Northern Ireland','BT66','(652) 7373749','2018-12-18'),(102,'59 Manitowish Street','Craigavon','Northern Ireland','BT66','(403) 4642098','2018-05-20'),(103,'57543 Karstens Trail','Belfast','Northern Ireland','BT2','(118) 2778217','2018-02-27'),(104,'8750 Mcguire Court','Belfast','Northern Ireland','BT2','(643) 1483909','2018-03-13'),(105,'17 Harper Place','Belfast','Northern Ireland','BT2','(530) 2421225','2018-04-27'),(106,'5124 Sutteridge Terrace','Craigavon','Northern Ireland','BT66','(847) 2132194','2018-03-16'),(107,'0 Claremont Trail','Craigavon','Northern Ireland','BT66','(864) 2104421','2018-03-08'),(108,'1051 Gulseth Hill','Craigavon','Northern Ireland','BT66','(585) 1295594','2018-05-06'),(109,'4 Buell Plaza','Craigavon','Northern Ireland','BT66','(784) 6044615','2018-12-27'),(110,'446 Mcbride Circle','Craigavon','Northern Ireland','BT66','(974) 7710059','2018-08-15'),(111,'5 Ryan Drive','Belfast','Northern Ireland','BT2','(144) 1092882','2018-05-22'),(112,'11 Havey Street','Craigavon','Northern Ireland','BT66','(874) 7043086','2018-12-09'),(113,'40101 Cottonwood Avenue','Belfast','Northern Ireland','BT2','(237) 9271343','2018-08-04'),(114,'4 Sauthoff Avenue','Belfast','Northern Ireland','BT2','(550) 3639375','2018-02-03'),(115,'13 Welch Road','Belfast','Northern Ireland','BT2','(537) 2532402','2018-05-30'),(116,'3 Atwood Parkway','Belfast','Northern Ireland','BT2','(545) 1997042','2018-12-15'),(117,'9787 Iowa Circle','Belfast','Northern Ireland','BT2','(980) 6203644','2018-06-23'),(118,'3 Union Pass','Craigavon','Northern Ireland','BT66','(914) 8404704','2018-01-18'),(119,'3 Forster Crossing','Belfast','Northern Ireland','BT2','(803) 8613295','2018-06-08'),(120,'4 Boyd Way','Belfast','Northern Ireland','BT2','(121) 6579429','2018-07-27'),(121,'26 Nobel Road','Craigavon','Northern Ireland','BT66','(577) 5581466','2018-03-10'),(122,'902 Ohio Junction','Craigavon','Northern Ireland','BT66','(568) 3937326','2018-09-23'),(123,'61 Carberry Street','Craigavon','Northern Ireland','BT66','(205) 2077967','2018-05-17'),(124,'72 Esker Parkway','Craigavon','Northern Ireland','BT66','(228) 3338951','2018-05-05'),(125,'9860 Coleman Terrace','Craigavon','Northern Ireland','BT66','(726) 5166387','2018-08-14'),(126,'464 Mockingbird Court','Craigavon','Northern Ireland','BT66','(332) 4898466','2018-08-24'),(127,'909 Claremont Center','Craigavon','Northern Ireland','BT66','(869) 9745538','2018-08-20'),(128,'1846 Green Ridge Lane','Belfast','Northern Ireland','BT2','(185) 8960657','2018-09-12'),(129,'67 Sachtjen Alley','Craigavon','Northern Ireland','BT66','(215) 3758307','2018-06-22'),(130,'79 Pierstorff Road','Craigavon','Northern Ireland','BT66','(932) 6512445','2018-07-09'),(131,'45 Prairie Rose Street','Craigavon','Northern Ireland','BT66','(112) 7637112','2018-03-26'),(132,'1 Clemons Hill','Belfast','Northern Ireland','BT2','(889) 2162080','2018-09-30'),(133,'801 Muir Way','Craigavon','Northern Ireland','BT66','(770) 5508135','2018-01-03'),(134,'46277 Lyons Court','Belfast','Northern Ireland','BT2','(212) 5219265','2018-12-27'),(135,'2697 Barby Road','Belfast','Northern Ireland','BT2','(433) 2699152','2018-06-06'),(136,'4 Barnett Crossing','Craigavon','Northern Ireland','BT66','(328) 2920055','2018-11-10'),(137,'1 Merchant Junction','Belfast','Northern Ireland','BT2','(102) 7046537','2018-12-18'),(138,'1 Cherokee Parkway','Belfast','Northern Ireland','BT2','(443) 2026077','2018-06-22'),(139,'377 Reinke Plaza','Craigavon','Northern Ireland','BT66','(312) 6088205','2018-12-19'),(140,'96 Lakewood Parkway','Craigavon','Northern Ireland','BT66','(748) 9476138','2018-02-07'),(141,'1417 Prairieview Pass','Belfast','Northern Ireland','BT2','(560) 7555090','2018-05-26'),(142,'5 Forest Run Avenue','Belfast','Northern Ireland','BT2','(998) 1836843','2018-12-22'),(143,'1 Prairie Rose Drive','Belfast','Northern Ireland','BT2','(361) 4216794','2018-10-30'),(144,'3383 Mandrake Parkway','Belfast','Northern Ireland','BT2','(217) 3149197','2018-04-29'),(145,'3 Transport Drive','Craigavon','Northern Ireland','BT66','(253) 8670234','2018-11-12'),(146,'63578 Farwell Junction','Belfast','Northern Ireland','BT2','(730) 4175007','2018-01-18'),(147,'23 Sage Center','Belfast','Northern Ireland','BT2','(152) 9160585','2018-04-19'),(148,'59 Sullivan Terrace','Belfast','Northern Ireland','BT2','(138) 8296879','2018-08-03'),(149,'9 Mayer Road','Craigavon','Northern Ireland','BT66','(663) 3571049','2018-08-25'),(150,'54517 Cambridge Street','Craigavon','Northern Ireland','BT66','(872) 6146948','2018-03-08'),(151,'952 Main Street','Craigavon','Northern Ireland','BT66','(848) 9561620','2018-07-02'),(152,'1 Roxbury Street','Craigavon','Northern Ireland','BT66','(124) 7645677','2018-05-05'),(153,'304 Schiller Court','Craigavon','Northern Ireland','BT66','(226) 4327417','2018-10-21'),(154,'0 Vidon Pass','Craigavon','Northern Ireland','BT66','(669) 7883063','2018-06-15'),(155,'96 Nova Trail','Belfast','Northern Ireland','BT2','(222) 6947885','2018-04-20'),(156,'197 Delaware Place','Belfast','Northern Ireland','BT2','(194) 6254743','2018-07-28'),(157,'87806 Stang Court','Belfast','Northern Ireland','BT2','(281) 6248792','2018-06-18'),(158,'14191 Springview Circle','Craigavon','Northern Ireland','BT66','(578) 8460562','2018-08-26'),(159,'01 Annamark Drive','Belfast','Northern Ireland','BT2','(788) 2842656','2018-09-13'),(160,'93 Oakridge Alley','Belfast','Northern Ireland','BT2','(787) 4513414','2018-09-09'),(161,'37 Golf View Junction','Craigavon','Northern Ireland','BT66','(522) 9964065','2018-05-09'),(162,'2086 Manufacturers Hill','Craigavon','Northern Ireland','BT66','(398) 2595313','2018-06-22'),(163,'6 Linden Junction','Belfast','Northern Ireland','BT2','(732) 9087506','2018-08-01'),(164,'13 Holmberg Crossing','Craigavon','Northern Ireland','BT66','(117) 5835004','2018-10-02'),(165,'008 Elmside Court','Craigavon','Northern Ireland','BT66','(184) 6842687','2018-11-27'),(166,'75356 Bobwhite Hill','Craigavon','Northern Ireland','BT66','(486) 8752242','2018-06-19'),(167,'38 Mayfield Point','Craigavon','Northern Ireland','BT66','(903) 5001990','2018-09-15'),(168,'37 Brickson Park Alley','Craigavon','Northern Ireland','BT66','(540) 9308203','2018-04-24'),(169,'2330 Marquette Street','Belfast','Northern Ireland','BT2','(858) 7945886','2018-10-09'),(170,'7276 3rd Alley','Belfast','Northern Ireland','BT2','(813) 4600068','2018-03-28'),(171,'33913 Ramsey Point','Craigavon','Northern Ireland','BT66','(717) 7163936','2018-03-29'),(172,'7053 Golf Course Trail','Craigavon','Northern Ireland','BT66','(438) 2854367','2018-12-26'),(173,'49 Shoshone Avenue','Belfast','Northern Ireland','BT2','(879) 9064169','2018-11-28'),(174,'5 Drewry Street','Craigavon','Northern Ireland','BT66','(221) 7796930','2018-09-25'),(175,'57032 Everett Center','Craigavon','Northern Ireland','BT66','(320) 1882728','2018-06-23'),(176,'1141 David Drive','Belfast','Northern Ireland','BT2','(907) 3595534','2018-01-22'),(177,'162 Havey Road','Craigavon','Northern Ireland','BT66','(308) 2016042','2018-03-26'),(178,'06 Canary Crossing','Belfast','Northern Ireland','BT2','(303) 8039170','2018-03-24'),(179,'817 Weeping Birch Avenue','Craigavon','Northern Ireland','BT66','(140) 7411755','2018-10-15'),(180,'624 Comanche Crossing','Craigavon','Northern Ireland','BT66','(845) 4373611','2018-07-19'),(181,'3764 Mcbride Drive','Belfast','Northern Ireland','BT2','(270) 2066430','2018-01-09'),(182,'4 Gerald Terrace','Belfast','Northern Ireland','BT2','(888) 1291606','2018-01-31'),(183,'16490 Merchant Street','Craigavon','Northern Ireland','BT66','(966) 3181954','2018-10-07'),(184,'79 Green Place','Belfast','Northern Ireland','BT2','(479) 8180390','2018-01-23'),(185,'87370 Westridge Alley','Belfast','Northern Ireland','BT2','(591) 9329676','2018-03-30'),(186,'10311 Sugar Plaza','Craigavon','Northern Ireland','BT66','(440) 8628713','2018-03-29'),(187,'28138 Carey Parkway','Belfast','Northern Ireland','BT2','(196) 3466793','2018-01-02'),(188,'80 Mayer Terrace','Belfast','Northern Ireland','BT2','(825) 8519870','2018-12-25'),(189,'6747 Bay Point','Craigavon','Northern Ireland','BT66','(829) 2247066','2018-08-08'),(190,'9 Nelson Point','Craigavon','Northern Ireland','BT66','(909) 6589256','2018-11-26'),(191,'5032 Barnett Road','Belfast','Northern Ireland','BT2','(690) 2423307','2018-12-09'),(192,'9523 Spohn Plaza','Craigavon','Northern Ireland','BT66','(156) 6711852','2018-10-18'),(193,'20 Sugar Way','Belfast','Northern Ireland','BT2','(111) 5204439','2018-09-02'),(194,'39562 Roth Terrace','Craigavon','Northern Ireland','BT66','(994) 7161731','2018-10-27'),(195,'7214 Village Green Hill','Belfast','Northern Ireland','BT2','(532) 7106671','2018-02-20'),(196,'3 Lillian Center','Belfast','Northern Ireland','BT2','(190) 1680405','2018-03-22'),(197,'2497 Pearson Terrace','Craigavon','Northern Ireland','BT66','(241) 6121303','2018-09-04'),(198,'5668 Bunker Hill Hill','Belfast','Northern Ireland','BT2','(902) 2819312','2018-03-30'),(199,'38 John Wall Road','Craigavon','Northern Ireland','BT66','(322) 3966244','2018-08-26'),(200,'94329 Florence Park','Belfast','Northern Ireland','BT2','(458) 9545900','2018-09-26'),(201,'8 Sloan Junction','Craigavon','Northern Ireland','BT66','(669) 9618171','2018-08-13'),(202,'670 Summer Ridge Plaza','Craigavon','Northern Ireland','BT66','(505) 3300517','2018-12-27'),(203,'3 Butternut Center','Craigavon','Northern Ireland','BT66','(505) 5314752','2018-05-24'),(204,'727 Hoard Road','Craigavon','Northern Ireland','BT66','(622) 2773910','2018-11-27'),(205,'1 Haas Crossing','Craigavon','Northern Ireland','BT66','(838) 5467287','2018-03-06'),(206,'43927 Lindbergh Way','Craigavon','Northern Ireland','BT66','(411) 2000021','2018-11-05'),(207,'891 Lakewood Court','Craigavon','Northern Ireland','BT66','(257) 5065383','2018-07-21'),(208,'3 Fisk Terrace','Belfast','Northern Ireland','BT2','(982) 1294139','2018-04-21'),(209,'88458 Oriole Place','Belfast','Northern Ireland','BT2','(553) 6121071','2018-06-17'),(210,'71494 Montana Alley','Craigavon','Northern Ireland','BT66','(395) 4188059','2018-03-07'),(211,'0 Badeau Court','Craigavon','Northern Ireland','BT66','(315) 1390713','2018-02-18'),(212,'7093 Colorado Crossing','Craigavon','Northern Ireland','BT66','(939) 3808626','2018-11-09'),(213,'0896 Golf View Street','Craigavon','Northern Ireland','BT66','(153) 9482031','2018-05-15'),(214,'3 Garrison Point','Craigavon','Northern Ireland','BT66','(568) 1964853','2018-08-26'),(215,'81 Sachs Parkway','Craigavon','Northern Ireland','BT66','(201) 8681910','2018-03-10'),(216,'07 Dayton Road','Belfast','Northern Ireland','BT2','(475) 8953828','2018-09-12'),(217,'3 Stuart Point','Belfast','Northern Ireland','BT2','(245) 2418639','2018-02-23'),(218,'10979 Warbler Plaza','Belfast','Northern Ireland','BT2','(441) 6112117','2018-10-21'),(219,'1 Dryden Street','Belfast','Northern Ireland','BT2','(218) 5915594','2018-11-12'),(220,'44 Quincy Place','Craigavon','Northern Ireland','BT66','(770) 4753829','2018-02-05'),(221,'6 Gateway Terrace','Belfast','Northern Ireland','BT2','(849) 9662306','2018-12-26'),(222,'70009 Bluejay Point','Craigavon','Northern Ireland','BT66','(820) 9352534','2018-02-19'),(223,'6 Melby Center','Belfast','Northern Ireland','BT2','(986) 3564345','2018-06-16'),(224,'996 Mendota Drive','Belfast','Northern Ireland','BT2','(629) 4341132','2018-07-20'),(225,'12571 Mitchell Park','Belfast','Northern Ireland','BT2','(622) 8980613','2018-05-01'),(226,'7239 High Crossing Parkway','Craigavon','Northern Ireland','BT66','(932) 2718358','2018-08-24'),(227,'9 Schurz Terrace','Belfast','Northern Ireland','BT2','(625) 9077339','2018-08-20'),(228,'8073 Ludington Avenue','Craigavon','Northern Ireland','BT66','(815) 9862095','2018-03-26'),(229,'56593 American Park','Craigavon','Northern Ireland','BT66','(864) 1280175','2018-09-24'),(230,'5 Golf Hill','Belfast','Northern Ireland','BT2','(940) 3848786','2018-07-12'),(231,'120 Elmside Junction','Craigavon','Northern Ireland','BT66','(888) 8967839','2018-04-17'),(232,'0060 Sloan Park','Craigavon','Northern Ireland','BT66','(390) 4053852','2018-11-26'),(233,'28 Oriole Pass','Belfast','Northern Ireland','BT2','(699) 4736978','2018-09-14'),(234,'6 Wayridge Drive','Belfast','Northern Ireland','BT2','(691) 8512916','2018-09-03'),(235,'94246 Sundown Park','Craigavon','Northern Ireland','BT66','(275) 3465326','2018-05-26'),(236,'789 Schlimgen Circle','Craigavon','Northern Ireland','BT66','(184) 1725290','2018-04-13'),(237,'4328 Rutledge Junction','Craigavon','Northern Ireland','BT66','(911) 6598130','2018-07-12'),(238,'25 Corscot Park','Belfast','Northern Ireland','BT2','(491) 2743186','2018-09-07'),(239,'17255 Thompson Trail','Craigavon','Northern Ireland','BT66','(643) 5477945','2018-08-29'),(240,'043 Chinook Court','Belfast','Northern Ireland','BT2','(741) 7870525','2018-08-07'),(241,'9 Aberg Court','Belfast','Northern Ireland','BT2','(326) 5660274','2018-08-18'),(242,'21 Mosinee Place','Craigavon','Northern Ireland','BT66','(231) 7347737','2018-11-27'),(243,'18 Debs Park','Belfast','Northern Ireland','BT2','(312) 1168956','2018-07-15'),(244,'630 Bobwhite Trail','Belfast','Northern Ireland','BT2','(405) 3686479','2018-01-12'),(245,'9 Veith Pass','Belfast','Northern Ireland','BT2','(264) 1721057','2018-06-18'),(246,'95735 Anzinger Terrace','Craigavon','Northern Ireland','BT66','(509) 7912328','2018-03-03'),(247,'7405 Rieder Center','Craigavon','Northern Ireland','BT66','(284) 8952570','2018-10-02'),(248,'6 Fieldstone Lane','Belfast','Northern Ireland','BT2','(526) 7097866','2018-09-16'),(249,'4362 Susan Court','Craigavon','Northern Ireland','BT66','(109) 1533639','2018-04-28'),(250,'73047 Continental Court','Craigavon','Northern Ireland','BT66','(662) 2899365','2018-03-27'),(251,'599 Mandrake Road','Belfast','Northern Ireland','BT2','(572) 1336724','2018-10-16'),(252,'6032 Weeping Birch Junction','Craigavon','Northern Ireland','BT66','(497) 8457525','2018-09-19'),(253,'38 Kinsman Circle','Belfast','Northern Ireland','BT2','(386) 6643178','2018-07-01'),(254,'0 Debra Junction','Belfast','Northern Ireland','BT2','(844) 6359323','2018-02-18'),(255,'12945 Gina Terrace','Belfast','Northern Ireland','BT2','(686) 6361365','2018-09-30'),(256,'32765 Stone Corner Junction','Belfast','Northern Ireland','BT2','(104) 8331589','2018-10-27'),(257,'5962 Northwestern Park','Belfast','Northern Ireland','BT2','(125) 1988644','2018-07-06'),(258,'5 Morning Center','Craigavon','Northern Ireland','BT66','(961) 8325075','2018-04-20'),(259,'9 Johnson Point','Craigavon','Northern Ireland','BT66','(956) 5073211','2018-08-06'),(260,'27 Esch Hill','Craigavon','Northern Ireland','BT66','(678) 9588895','2018-09-08'),(261,'95730 Fairfield Lane','Craigavon','Northern Ireland','BT66','(874) 3110548','2018-12-05'),(262,'61 Quincy Trail','Belfast','Northern Ireland','BT2','(584) 2508129','2018-07-11'),(263,'2 Tomscot Way','Belfast','Northern Ireland','BT2','(493) 2668225','2018-07-17'),(264,'22 Victoria Avenue','Belfast','Northern Ireland','BT2','(406) 3525482','2018-03-24'),(265,'11456 Acker Junction','Belfast','Northern Ireland','BT2','(465) 7658927','2018-09-11'),(266,'42 Autumn Leaf Park','Craigavon','Northern Ireland','BT66','(959) 2453715','2018-06-16'),(267,'11 Kings Circle','Belfast','Northern Ireland','BT2','(457) 3076721','2018-03-31'),(268,'0 Oakridge Place','Craigavon','Northern Ireland','BT66','(539) 6515457','2018-09-14'),(269,'44 Morrow Place','Belfast','Northern Ireland','BT2','(529) 1173259','2018-04-27'),(270,'4140 Cherokee Court','Belfast','Northern Ireland','BT2','(539) 7995455','2018-02-01'),(271,'72 Mockingbird Point','Craigavon','Northern Ireland','BT66','(630) 2073111','2018-11-23'),(272,'56637 Farragut Park','Craigavon','Northern Ireland','BT66','(310) 5373832','2018-04-10'),(273,'43312 Arrowood Alley','Craigavon','Northern Ireland','BT66','(369) 8848110','2018-01-15'),(274,'89725 Sunnyside Avenue','Belfast','Northern Ireland','BT2','(487) 3586786','2018-06-18'),(275,'68 Badeau Road','Craigavon','Northern Ireland','BT66','(393) 5753781','2018-10-01'),(276,'4 Texas Park','Craigavon','Northern Ireland','BT66','(889) 3961007','2018-05-28'),(277,'729 Graceland Street','Craigavon','Northern Ireland','BT66','(980) 2645753','2018-08-22'),(278,'006 Brentwood Road','Belfast','Northern Ireland','BT2','(697) 2726853','2018-06-19'),(279,'3 Derek Plaza','Belfast','Northern Ireland','BT2','(235) 4258552','2018-02-03'),(280,'4175 Melrose Circle','Craigavon','Northern Ireland','BT66','(859) 9812584','2018-09-05'),(281,'3 Lunder Circle','Craigavon','Northern Ireland','BT66','(997) 8751405','2018-10-18'),(282,'5 Fremont Drive','Craigavon','Northern Ireland','BT66','(558) 3074776','2018-04-26'),(283,'08 Londonderry Trail','Craigavon','Northern Ireland','BT66','(944) 1394036','2018-07-11'),(284,'25534 Fremont Center','Belfast','Northern Ireland','BT2','(939) 5892536','2018-07-01'),(285,'61 Pennsylvania Hill','Belfast','Northern Ireland','BT2','(730) 7733313','2018-05-24'),(286,'30186 Reindahl Parkway','Belfast','Northern Ireland','BT2','(942) 3735102','2018-07-02'),(287,'78 Onsgard Pass','Belfast','Northern Ireland','BT2','(123) 8778756','2018-03-01'),(288,'47 8th Center','Belfast','Northern Ireland','BT2','(818) 6720583','2018-12-19'),(289,'29010 Mockingbird Point','Belfast','Northern Ireland','BT2','(218) 4417409','2018-10-20'),(290,'18 Waubesa Junction','Craigavon','Northern Ireland','BT66','(705) 7474723','2018-04-11'),(291,'7 Mosinee Avenue','Belfast','Northern Ireland','BT2','(811) 1315796','2018-12-31'),(292,'694 Sugar Place','Belfast','Northern Ireland','BT2','(323) 6164903','2018-12-07'),(293,'513 Clyde Gallagher Pass','Craigavon','Northern Ireland','BT66','(482) 7994243','2018-01-01'),(294,'27812 Knutson Plaza','Belfast','Northern Ireland','BT2','(331) 6156058','2018-12-11'),(295,'735 Mallard Alley','Belfast','Northern Ireland','BT2','(533) 6248092','2018-09-20'),(296,'607 Claremont Alley','Belfast','Northern Ireland','BT2','(303) 5846154','2018-10-14'),(297,'8306 Mallard Plaza','Craigavon','Northern Ireland','BT66','(817) 5065942','2018-06-24'),(298,'3 Maple Center','Belfast','Northern Ireland','BT2','(283) 4940455','2018-01-19'),(299,'0294 South Center','Craigavon','Northern Ireland','BT66','(983) 4893049','2018-12-11'),(300,'7 Stoughton Junction','Craigavon','Northern Ireland','BT66','(537) 2299867','2018-08-12'),(301,'43 Mariners Cove Junction','Belfast','Northern Ireland','BT2','(260) 6891981','2018-01-07'),(302,'6894 Heffernan Court','Craigavon','Northern Ireland','BT66','(724) 4785422','2018-06-14'),(303,'816 Ridgeway Avenue','Belfast','Northern Ireland','BT2','(519) 1883801','2018-03-23'),(304,'6 Tennessee Point','Belfast','Northern Ireland','BT2','(753) 3838540','2018-04-15'),(305,'6641 Namekagon Circle','Belfast','Northern Ireland','BT2','(137) 9191455','2018-04-24'),(306,'66 Goodland Pass','Craigavon','Northern Ireland','BT66','(518) 9518806','2018-02-25'),(307,'33 Anthes Place','Craigavon','Northern Ireland','BT66','(620) 6637661','2018-04-18'),(308,'45272 Sage Alley','Craigavon','Northern Ireland','BT66','(879) 6958632','2018-03-19'),(309,'73661 Holy Cross Drive','Belfast','Northern Ireland','BT2','(235) 3798779','2018-04-25'),(310,'6332 Continental Road','Craigavon','Northern Ireland','BT66','(460) 1465393','2018-07-12'),(311,'1 Golden Leaf Street','Craigavon','Northern Ireland','BT66','(894) 6608710','2018-09-07'),(312,'252 Sachtjen Park','Belfast','Northern Ireland','BT2','(154) 6346717','2018-01-18'),(313,'40 Esker Alley','Belfast','Northern Ireland','BT2','(106) 8929910','2018-11-22'),(314,'0065 Dottie Park','Craigavon','Northern Ireland','BT66','(477) 1061987','2018-11-20'),(315,'48716 Blaine Center','Belfast','Northern Ireland','BT2','(930) 7666055','2018-07-15'),(316,'4172 Lukken Junction','Craigavon','Northern Ireland','BT66','(247) 2595253','2018-11-03'),(317,'497 Eliot Trail','Craigavon','Northern Ireland','BT66','(951) 8535912','2018-05-16'),(318,'81 Petterle Crossing','Belfast','Northern Ireland','BT2','(801) 9753935','2018-07-06'),(319,'36564 Larry Way','Craigavon','Northern Ireland','BT66','(200) 8687261','2018-01-25'),(320,'0 Darwin Place','Belfast','Northern Ireland','BT2','(444) 3000235','2018-05-04'),(321,'3 Myrtle Center','Craigavon','Northern Ireland','BT66','(299) 6674163','2018-02-05'),(322,'24 Old Shore Trail','Craigavon','Northern Ireland','BT66','(443) 7530511','2018-07-27'),(323,'98 Fallview Lane','Craigavon','Northern Ireland','BT66','(405) 7469235','2018-09-30'),(324,'697 Continental Crossing','Belfast','Northern Ireland','BT2','(382) 3479491','2018-01-18'),(325,'19515 Rowland Trail','Belfast','Northern Ireland','BT2','(105) 9055344','2018-09-11'),(326,'5726 Blue Bill Park Center','Belfast','Northern Ireland','BT2','(629) 9676469','2018-02-26'),(327,'98379 Dwight Terrace','Belfast','Northern Ireland','BT2','(689) 4023457','2018-05-07'),(328,'6071 Sullivan Circle','Belfast','Northern Ireland','BT2','(763) 1892895','2018-11-26'),(329,'07759 Bunting Point','Belfast','Northern Ireland','BT2','(396) 4143259','2018-11-09'),(330,'574 Welch Park','Craigavon','Northern Ireland','BT66','(476) 3889835','2018-03-30'),(331,'98086 Longview Avenue','Belfast','Northern Ireland','BT2','(108) 5333007','2018-10-24'),(332,'080 Becker Drive','Craigavon','Northern Ireland','BT66','(664) 3428310','2018-03-31'),(333,'4550 Surrey Alley','Belfast','Northern Ireland','BT2','(886) 1700803','2018-08-04'),(334,'7585 Holy Cross Terrace','Belfast','Northern Ireland','BT2','(423) 7135171','2018-05-14'),(335,'47 Kenwood Court','Craigavon','Northern Ireland','BT66','(128) 4460052','2018-02-15'),(336,'510 Cherokee Lane','Belfast','Northern Ireland','BT2','(699) 6632359','2018-12-21'),(337,'7497 Thackeray Drive','Belfast','Northern Ireland','BT2','(865) 4189564','2018-03-17'),(338,'5 Johnson Trail','Craigavon','Northern Ireland','BT66','(463) 6344759','2018-07-25'),(339,'2964 Cody Road','Craigavon','Northern Ireland','BT66','(941) 3347059','2018-05-02'),(340,'05 Schurz Junction','Belfast','Northern Ireland','BT2','(491) 5556830','2018-05-15'),(341,'9563 Thackeray Alley','Belfast','Northern Ireland','BT2','(632) 6213858','2018-07-10'),(342,'396 Melody Circle','Craigavon','Northern Ireland','BT66','(402) 3219072','2018-11-16'),(343,'38 Waubesa Road','Craigavon','Northern Ireland','BT66','(647) 5605423','2018-08-22'),(344,'9 Evergreen Center','Craigavon','Northern Ireland','BT66','(709) 2738545','2018-07-01'),(345,'7078 Division Lane','Craigavon','Northern Ireland','BT66','(142) 7509229','2018-12-14'),(346,'26 Shoshone Center','Craigavon','Northern Ireland','BT66','(773) 1685505','2018-12-07'),(347,'2 Grasskamp Terrace','Belfast','Northern Ireland','BT2','(140) 3296301','2018-06-20'),(348,'6355 Meadow Ridge Crossing','Belfast','Northern Ireland','BT2','(879) 8391626','2018-07-06'),(349,'99007 Lake View Alley','Craigavon','Northern Ireland','BT66','(489) 5875379','2018-10-28'),(350,'035 Shelley Way','Belfast','Northern Ireland','BT2','(771) 6750423','2018-07-27'),(351,'4208 Warbler Pass','Craigavon','Northern Ireland','BT66','(807) 5510932','2018-08-28'),(352,'5835 Cottonwood Point','Craigavon','Northern Ireland','BT66','(793) 9059878','2018-07-07'),(353,'28 Comanche Court','Belfast','Northern Ireland','BT2','(394) 3412732','2018-03-31'),(354,'950 Manitowish Point','Craigavon','Northern Ireland','BT66','(225) 5644106','2018-08-27'),(355,'5485 Susan Terrace','Craigavon','Northern Ireland','BT66','(547) 7734905','2018-08-09'),(356,'19 Everett Trail','Craigavon','Northern Ireland','BT66','(261) 6587089','2018-06-13'),(357,'65218 Ilene Crossing','Belfast','Northern Ireland','BT2','(523) 3082596','2018-12-28'),(358,'1273 Summer Ridge Place','Craigavon','Northern Ireland','BT66','(224) 6764449','2018-09-29'),(359,'44273 Becker Pass','Belfast','Northern Ireland','BT2','(345) 5456977','2018-08-19'),(360,'4424 Surrey Alley','Craigavon','Northern Ireland','BT66','(830) 3744309','2018-03-10'),(361,'23470 Pine View Alley','Craigavon','Northern Ireland','BT66','(511) 4004381','2018-11-27'),(362,'219 Jenna Center','Belfast','Northern Ireland','BT2','(851) 4108643','2018-01-24'),(363,'481 Rigney Street','Belfast','Northern Ireland','BT2','(484) 5312799','2018-08-28'),(364,'2 Spaight Park','Belfast','Northern Ireland','BT2','(431) 5928606','2018-07-24'),(365,'211 High Crossing Junction','Belfast','Northern Ireland','BT2','(742) 5028221','2018-02-19'),(366,'39 Gale Place','Belfast','Northern Ireland','BT2','(675) 2495625','2018-03-30'),(367,'84841 Bunting Trail','Craigavon','Northern Ireland','BT66','(319) 1358865','2018-05-07'),(368,'180 Comanche Trail','Craigavon','Northern Ireland','BT66','(395) 5356155','2018-03-24'),(369,'5258 Westridge Terrace','Belfast','Northern Ireland','BT2','(733) 9298259','2018-03-29'),(370,'99644 Warner Avenue','Belfast','Northern Ireland','BT2','(279) 8127016','2018-10-17'),(371,'93 Colorado Pass','Belfast','Northern Ireland','BT2','(367) 7872686','2018-01-06'),(372,'327 Randy Road','Belfast','Northern Ireland','BT2','(721) 2749863','2018-02-21'),(373,'72 Steensland Trail','Craigavon','Northern Ireland','BT66','(755) 3457979','2018-05-24'),(374,'3 Superior Park','Belfast','Northern Ireland','BT2','(944) 7952146','2018-03-08'),(375,'1 Drewry Terrace','Craigavon','Northern Ireland','BT66','(133) 1805395','2018-02-05'),(376,'99860 Banding Point','Belfast','Northern Ireland','BT2','(829) 6538489','2018-08-07'),(377,'85 Dahle Trail','Belfast','Northern Ireland','BT2','(430) 1864972','2018-07-12'),(378,'988 Jenna Parkway','Belfast','Northern Ireland','BT2','(995) 8300460','2018-10-01'),(379,'923 Menomonie Junction','Belfast','Northern Ireland','BT2','(654) 6538801','2018-02-27'),(380,'5 Holmberg Pass','Belfast','Northern Ireland','BT2','(407) 1970269','2018-08-20'),(381,'782 Wayridge Plaza','Belfast','Northern Ireland','BT2','(577) 3257064','2018-08-26'),(382,'73540 Towne Terrace','Belfast','Northern Ireland','BT2','(821) 2631969','2018-04-30'),(383,'021 Mccormick Way','Belfast','Northern Ireland','BT2','(630) 2185221','2018-04-27'),(384,'0567 Gale Crossing','Craigavon','Northern Ireland','BT66','(222) 1356090','2018-01-05'),(385,'00166 Golf Avenue','Craigavon','Northern Ireland','BT66','(781) 1895050','2018-06-27'),(386,'749 Maywood Park','Belfast','Northern Ireland','BT2','(711) 9126251','2018-08-17'),(387,'028 Anniversary Alley','Belfast','Northern Ireland','BT2','(428) 2348432','2018-06-27'),(388,'19810 Lien Alley','Belfast','Northern Ireland','BT2','(437) 4523749','2018-02-27'),(389,'75 Nancy Junction','Belfast','Northern Ireland','BT2','(181) 6305099','2018-03-04'),(390,'2 Little Fleur Street','Craigavon','Northern Ireland','BT66','(982) 5000071','2018-05-05'),(391,'07 Bowman Avenue','Craigavon','Northern Ireland','BT66','(143) 5582446','2018-12-16'),(392,'94023 Ilene Place','Craigavon','Northern Ireland','BT66','(130) 4818252','2018-01-07'),(393,'9553 Union Point','Belfast','Northern Ireland','BT2','(779) 8262720','2018-10-21'),(394,'6 Del Sol Plaza','Belfast','Northern Ireland','BT2','(477) 2459439','2018-01-31'),(395,'252 La Follette Road','Craigavon','Northern Ireland','BT66','(460) 4220641','2018-03-01'),(396,'57171 Butterfield Drive','Belfast','Northern Ireland','BT2','(835) 3232820','2018-05-06'),(397,'87 Pearson Hill','Belfast','Northern Ireland','BT2','(215) 4277619','2018-09-07'),(398,'785 Forest Run Hill','Craigavon','Northern Ireland','BT66','(932) 6254068','2018-12-28'),(399,'538 Hooker Parkway','Craigavon','Northern Ireland','BT66','(429) 2419366','2018-08-06'),(400,'0 Kipling Plaza','Belfast','Northern Ireland','BT2','(667) 7775613','2018-10-08'),(401,'00144 Lawn Street','Craigavon','Northern Ireland','BT66','(349) 3358835','2018-10-08'),(402,'16175 Loomis Alley','Belfast','Northern Ireland','BT2','(649) 5234072','2018-08-31'),(403,'4 Hanson Terrace','Belfast','Northern Ireland','BT2','(185) 3345677','2018-09-23'),(404,'82 Thackeray Crossing','Craigavon','Northern Ireland','BT66','(365) 4661975','2018-01-12'),(405,'613 Linden Drive','Craigavon','Northern Ireland','BT66','(323) 9945926','2018-01-23'),(406,'06623 Hoffman Junction','Craigavon','Northern Ireland','BT66','(943) 1652328','2018-04-17'),(407,'45 Troy Way','Craigavon','Northern Ireland','BT66','(358) 5645225','2018-04-05'),(408,'5641 Bowman Terrace','Craigavon','Northern Ireland','BT66','(789) 3950323','2018-06-09'),(409,'3 Paget Lane','Belfast','Northern Ireland','BT2','(897) 9229767','2018-07-26'),(410,'6753 Rigney Plaza','Craigavon','Northern Ireland','BT66','(379) 6001700','2018-06-18'),(411,'6848 Bunker Hill Place','Belfast','Northern Ireland','BT2','(147) 6502682','2018-06-29'),(412,'3944 Cherokee Junction','Craigavon','Northern Ireland','BT66','(300) 5998020','2018-02-15'),(413,'626 Shasta Terrace','Craigavon','Northern Ireland','BT66','(827) 6407961','2018-03-12'),(414,'2976 New Castle Center','Craigavon','Northern Ireland','BT66','(296) 9474487','2018-12-22'),(415,'73644 Anderson Center','Craigavon','Northern Ireland','BT66','(242) 5283776','2018-09-15'),(416,'274 Park Meadow Road','Belfast','Northern Ireland','BT2','(180) 6571890','2018-08-25'),(417,'59 Portage Avenue','Belfast','Northern Ireland','BT2','(614) 7527498','2018-09-06'),(418,'42203 Grover Avenue','Belfast','Northern Ireland','BT2','(515) 2234606','2018-09-07'),(419,'63083 Mallard Alley','Belfast','Northern Ireland','BT2','(833) 6149701','2018-09-12'),(420,'156 Pankratz Parkway','Belfast','Northern Ireland','BT2','(656) 9652234','2018-11-13'),(421,'088 Boyd Crossing','Craigavon','Northern Ireland','BT66','(297) 7462043','2018-04-08'),(422,'9 Hanover Junction','Craigavon','Northern Ireland','BT66','(496) 3175304','2018-07-27'),(423,'23 Bunker Hill Park','Belfast','Northern Ireland','BT2','(970) 9005799','2018-08-19'),(424,'50 Forest Dale Avenue','Craigavon','Northern Ireland','BT66','(942) 6847091','2018-02-28'),(425,'45687 Melby Drive','Craigavon','Northern Ireland','BT66','(150) 6029593','2018-10-29'),(426,'8301 Warrior Alley','Belfast','Northern Ireland','BT2','(973) 5727522','2018-10-18'),(427,'007 Kedzie Road','Belfast','Northern Ireland','BT2','(269) 7417968','2018-11-21'),(428,'41172 Banding Parkway','Craigavon','Northern Ireland','BT66','(696) 2676386','2018-11-08'),(429,'10 West Hill','Belfast','Northern Ireland','BT2','(424) 4203453','2018-01-26'),(430,'951 Raven Terrace','Craigavon','Northern Ireland','BT66','(490) 4595819','2018-11-15'),(431,'35 Sommers Plaza','Belfast','Northern Ireland','BT2','(695) 7269720','2018-05-11'),(432,'9787 Washington Point','Belfast','Northern Ireland','BT2','(470) 7841627','2018-12-20'),(433,'46540 Butterfield Lane','Craigavon','Northern Ireland','BT66','(892) 3870674','2018-10-21'),(434,'7085 Colorado Drive','Belfast','Northern Ireland','BT2','(179) 3648646','2018-02-12'),(435,'67620 Fairfield Place','Belfast','Northern Ireland','BT2','(873) 9340336','2018-10-26'),(436,'9893 Park Meadow Drive','Craigavon','Northern Ireland','BT66','(195) 7806570','2018-12-19'),(437,'4 Browning Lane','Belfast','Northern Ireland','BT2','(766) 7156203','2018-11-27'),(438,'3 Mayer Way','Craigavon','Northern Ireland','BT66','(356) 6815842','2018-03-09'),(439,'478 Redwing Junction','Craigavon','Northern Ireland','BT66','(658) 4734463','2018-12-06'),(440,'71250 Pepper Wood Avenue','Belfast','Northern Ireland','BT2','(918) 5567207','2018-05-31'),(441,'283 Sage Center','Craigavon','Northern Ireland','BT66','(328) 7556935','2018-07-18'),(442,'70 Michigan Hill','Belfast','Northern Ireland','BT2','(644) 3752160','2018-06-04'),(443,'935 Starling Parkway','Belfast','Northern Ireland','BT2','(163) 4415814','2018-10-29'),(444,'0982 Ronald Regan Trail','Craigavon','Northern Ireland','BT66','(677) 3153368','2018-04-21'),(445,'589 Gina Avenue','Belfast','Northern Ireland','BT2','(556) 5420696','2018-04-07'),(446,'66 Glendale Crossing','Belfast','Northern Ireland','BT2','(499) 6199312','2018-03-22'),(447,'17660 Shoshone Pass','Craigavon','Northern Ireland','BT66','(702) 9701173','2018-10-07'),(448,'423 Fuller Circle','Belfast','Northern Ireland','BT2','(253) 5226745','2018-04-03'),(449,'32147 Sommers Avenue','Belfast','Northern Ireland','BT2','(692) 9644165','2018-06-06'),(450,'83 Loeprich Place','Belfast','Northern Ireland','BT2','(165) 1514328','2018-11-09'),(451,'866 Westend Place','Belfast','Northern Ireland','BT2','(742) 6458701','2018-04-16'),(452,'05 Armistice Road','Belfast','Northern Ireland','BT2','(768) 6201664','2018-09-27'),(453,'95100 Blue Bill Park Center','Craigavon','Northern Ireland','BT66','(768) 6353725','2018-03-17'),(454,'44303 Mayer Lane','Craigavon','Northern Ireland','BT66','(840) 9708795','2018-01-27'),(455,'2099 Vermont Drive','Belfast','Northern Ireland','BT2','(965) 2739250','2018-02-07'),(456,'339 Northridge Place','Belfast','Northern Ireland','BT2','(862) 8672312','2018-05-16'),(457,'21674 Goodland Center','Belfast','Northern Ireland','BT2','(260) 6277976','2018-12-19'),(458,'9639 Pond Avenue','Belfast','Northern Ireland','BT2','(774) 9738971','2018-04-19'),(459,'8573 Pierstorff Pass','Belfast','Northern Ireland','BT2','(285) 6315752','2018-08-19'),(460,'603 Muir Crossing','Craigavon','Northern Ireland','BT66','(897) 9610018','2018-05-21'),(461,'9960 Birchwood Circle','Craigavon','Northern Ireland','BT66','(589) 1803596','2018-01-26'),(462,'245 Hanover Circle','Craigavon','Northern Ireland','BT66','(317) 6019876','2018-07-15'),(463,'52394 Randy Way','Craigavon','Northern Ireland','BT66','(802) 8783006','2018-07-01'),(464,'8509 Pepper Wood Center','Craigavon','Northern Ireland','BT66','(643) 3733718','2018-08-19'),(465,'616 Jackson Park','Craigavon','Northern Ireland','BT66','(488) 1496592','2018-11-28'),(466,'5 Badeau Way','Craigavon','Northern Ireland','BT66','(252) 2298113','2018-08-03'),(467,'8255 Waxwing Point','Belfast','Northern Ireland','BT2','(921) 5713122','2018-04-16'),(468,'5424 Sycamore Plaza','Belfast','Northern Ireland','BT2','(426) 5941222','2018-01-06'),(469,'7649 Sherman Pass','Belfast','Northern Ireland','BT2','(355) 9591543','2018-08-28'),(470,'60897 Bowman Parkway','Belfast','Northern Ireland','BT2','(260) 2636188','2018-03-20'),(471,'87098 Clemons Alley','Craigavon','Northern Ireland','BT66','(965) 1431586','2018-07-08'),(472,'48814 Troy Alley','Belfast','Northern Ireland','BT2','(610) 8258631','2018-04-03'),(473,'04 7th Circle','Craigavon','Northern Ireland','BT66','(932) 7946980','2018-06-10'),(474,'7 Kipling Avenue','Craigavon','Northern Ireland','BT66','(263) 3981868','2018-02-02'),(475,'60964 Mesta Pass','Belfast','Northern Ireland','BT2','(976) 5338649','2018-06-06'),(476,'18 Nancy Way','Craigavon','Northern Ireland','BT66','(159) 4255264','2018-05-26'),(477,'738 Duke Trail','Craigavon','Northern Ireland','BT66','(835) 7540054','2018-03-03'),(478,'49605 Raven Pass','Craigavon','Northern Ireland','BT66','(913) 8418352','2018-08-31'),(479,'10631 Twin Pines Drive','Craigavon','Northern Ireland','BT66','(205) 1925631','2018-08-01'),(480,'09 Moland Alley','Belfast','Northern Ireland','BT2','(406) 3134957','2018-11-15'),(481,'74 Banding Road','Belfast','Northern Ireland','BT2','(754) 4383999','2018-11-15'),(482,'869 Cascade Circle','Craigavon','Northern Ireland','BT66','(547) 9649044','2018-08-25'),(483,'70003 Marcy Circle','Craigavon','Northern Ireland','BT66','(280) 7140982','2018-02-04'),(484,'66808 Eastwood Way','Belfast','Northern Ireland','BT2','(484) 9962703','2018-02-25'),(485,'5927 Gerald Terrace','Belfast','Northern Ireland','BT2','(996) 4214868','2018-12-05'),(486,'030 Sage Circle','Belfast','Northern Ireland','BT2','(327) 1651832','2018-04-06'),(487,'2 Sunbrook Avenue','Craigavon','Northern Ireland','BT66','(712) 9453344','2018-04-28'),(488,'2504 Center Park','Craigavon','Northern Ireland','BT66','(865) 6139700','2018-04-28'),(489,'47297 Mallory Hill','Craigavon','Northern Ireland','BT66','(853) 5259750','2018-09-27'),(490,'8 Drewry Parkway','Craigavon','Northern Ireland','BT66','(920) 8729508','2018-08-23'),(491,'937 Prairieview Circle','Craigavon','Northern Ireland','BT66','(683) 4109204','2018-05-31'),(492,'1262 Mitchell Road','Belfast','Northern Ireland','BT2','(178) 2430653','2018-02-08'),(493,'37 Bultman Junction','Craigavon','Northern Ireland','BT66','(814) 6816360','2018-04-02'),(494,'8 Westerfield Street','Craigavon','Northern Ireland','BT66','(984) 3416385','2018-04-26'),(495,'844 Moose Plaza','Craigavon','Northern Ireland','BT66','(336) 8751023','2018-01-30'),(496,'121 West Center','Belfast','Northern Ireland','BT2','(962) 5648585','2018-01-19'),(497,'95460 Bartillon Park','Belfast','Northern Ireland','BT2','(593) 7370719','2018-02-08'),(498,'791 Grover Circle','Craigavon','Northern Ireland','BT66','(443) 9148653','2018-12-30'),(499,'33153 Little Fleur Hill','Belfast','Northern Ireland','BT2','(122) 3580665','2018-12-14'),(500,'1838 Fremont Court','Belfast','Northern Ireland','BT2','(357) 3547738','2018-10-28'),(501,'5 Blaine Street','Craigavon','Northern Ireland','BT66','(292) 3544912','2018-04-09'),(502,'2214 Messerschmidt Junction','Belfast','Northern Ireland','BT2','(941) 9927132','2018-07-15'),(503,'96 Meadow Vale Terrace','Belfast','Northern Ireland','BT2','(634) 2960031','2018-06-19'),(504,'91747 Union Alley','Craigavon','Northern Ireland','BT66','(134) 7603974','2018-08-18'),(505,'374 Shasta Plaza','Belfast','Northern Ireland','BT2','(983) 5708285','2018-12-21'),(506,'10 Kedzie Circle','Craigavon','Northern Ireland','BT66','(253) 7397535','2018-04-11'),(507,'1 Hansons Park','Belfast','Northern Ireland','BT2','(330) 7494781','2018-12-21'),(508,'763 Bellgrove Circle','Belfast','Northern Ireland','BT2','(702) 1363918','2018-04-03'),(509,'6564 Dovetail Place','Belfast','Northern Ireland','BT2','(334) 4721641','2018-07-11'),(510,'64322 Del Mar Lane','Belfast','Northern Ireland','BT2','(499) 6417636','2018-02-10'),(511,'7328 Susan Circle','Craigavon','Northern Ireland','BT66','(896) 6401408','2018-01-25'),(512,'48 Kedzie Pass','Craigavon','Northern Ireland','BT66','(305) 1286839','2018-07-30'),(513,'82886 Derek Road','Belfast','Northern Ireland','BT2','(718) 4017756','2018-02-05'),(514,'4 Towne Way','Belfast','Northern Ireland','BT2','(673) 5709460','2018-04-15'),(515,'94844 Esker Pass','Craigavon','Northern Ireland','BT66','(293) 1482388','2018-10-25'),(516,'10 Thompson Point','Craigavon','Northern Ireland','BT66','(913) 2403337','2018-06-11'),(517,'48 Golden Leaf Way','Belfast','Northern Ireland','BT2','(839) 1307511','2018-11-03'),(518,'64 Farragut Avenue','Craigavon','Northern Ireland','BT66','(742) 8661790','2018-12-21'),(519,'8 Bartillon Court','Craigavon','Northern Ireland','BT66','(111) 2369385','2018-05-21'),(520,'489 Carey Lane','Belfast','Northern Ireland','BT2','(730) 5980592','2018-05-10'),(521,'6 Meadow Vale Avenue','Craigavon','Northern Ireland','BT66','(282) 1606392','2018-12-07'),(522,'94 Lunder Plaza','Craigavon','Northern Ireland','BT66','(721) 6947872','2018-08-23'),(523,'38337 Main Street','Belfast','Northern Ireland','BT2','(879) 5913951','2018-06-06'),(524,'21063 Reindahl Drive','Craigavon','Northern Ireland','BT66','(722) 6555135','2018-09-19'),(525,'244 Eagan Circle','Craigavon','Northern Ireland','BT66','(935) 4937296','2018-02-24'),(526,'859 Hooker Alley','Belfast','Northern Ireland','BT2','(236) 6343902','2018-02-10'),(527,'5 Tennyson Place','Craigavon','Northern Ireland','BT66','(752) 7209260','2018-02-23'),(528,'8 Kenwood Parkway','Craigavon','Northern Ireland','BT66','(362) 5456987','2018-12-07'),(529,'527 Packers Trail','Craigavon','Northern Ireland','BT66','(387) 4773502','2018-08-02'),(530,'511 Lakeland Way','Craigavon','Northern Ireland','BT66','(735) 1820126','2018-11-05'),(531,'9004 Delladonna Crossing','Belfast','Northern Ireland','BT2','(924) 7230953','2018-04-27'),(532,'640 Toban Park','Craigavon','Northern Ireland','BT66','(132) 2306516','2018-05-23'),(533,'74 Delladonna Drive','Belfast','Northern Ireland','BT2','(478) 2124770','2018-06-18'),(534,'5 Commercial Court','Craigavon','Northern Ireland','BT66','(602) 5563373','2018-05-29'),(535,'07536 Oxford Drive','Belfast','Northern Ireland','BT2','(550) 3541204','2018-10-25'),(536,'83002 Red Cloud Hill','Craigavon','Northern Ireland','BT66','(436) 3416730','2018-01-10'),(537,'16398 Blaine Park','Belfast','Northern Ireland','BT2','(317) 3829761','2018-12-06'),(538,'223 Victoria Street','Craigavon','Northern Ireland','BT66','(387) 8558774','2018-07-12'),(539,'0 North Place','Craigavon','Northern Ireland','BT66','(780) 6113011','2018-04-22'),(540,'70520 Haas Park','Craigavon','Northern Ireland','BT66','(446) 1451527','2018-03-13'),(541,'2 Little Fleur Pass','Craigavon','Northern Ireland','BT66','(411) 8775545','2018-07-16'),(542,'29 Heffernan Place','Craigavon','Northern Ireland','BT66','(977) 3345694','2018-02-26'),(543,'254 Farmco Circle','Craigavon','Northern Ireland','BT66','(395) 2256689','2018-01-27'),(544,'5201 Anniversary Center','Belfast','Northern Ireland','BT2','(689) 9960649','2018-03-01'),(545,'77677 Mesta Court','Belfast','Northern Ireland','BT2','(177) 5991662','2018-12-07'),(546,'4 Dayton Plaza','Craigavon','Northern Ireland','BT66','(874) 8677762','2018-06-30'),(547,'5 Manufacturers Trail','Belfast','Northern Ireland','BT2','(597) 3460917','2018-10-16'),(548,'89 Coleman Alley','Belfast','Northern Ireland','BT2','(183) 6795072','2018-11-19'),(549,'22374 Hallows Park','Belfast','Northern Ireland','BT2','(391) 7533097','2018-02-13'),(550,'4912 Crescent Oaks Point','Belfast','Northern Ireland','BT2','(132) 1321663','2018-12-14'),(551,'40313 Welch Street','Craigavon','Northern Ireland','BT66','(761) 8021018','2018-12-03'),(552,'4014 Bobwhite Way','Belfast','Northern Ireland','BT2','(925) 5640584','2018-10-21'),(553,'1469 Main Avenue','Belfast','Northern Ireland','BT2','(187) 7641991','2018-10-11'),(554,'4640 Barnett Junction','Craigavon','Northern Ireland','BT66','(804) 8252786','2018-07-10'),(555,'66956 Dakota Road','Craigavon','Northern Ireland','BT66','(995) 8871347','2018-11-21'),(556,'8527 Pearson Point','Belfast','Northern Ireland','BT2','(804) 8256715','2018-06-20'),(557,'19 Del Mar Way','Craigavon','Northern Ireland','BT66','(677) 7361958','2018-06-28'),(558,'7 4th Hill','Belfast','Northern Ireland','BT2','(437) 1600268','2018-12-24'),(559,'9 Vernon Avenue','Craigavon','Northern Ireland','BT66','(622) 9385086','2018-06-15'),(560,'90 Florence Court','Belfast','Northern Ireland','BT2','(728) 9926368','2018-08-06'),(561,'6641 Saint Paul Plaza','Belfast','Northern Ireland','BT2','(241) 2118447','2018-03-08'),(562,'26 Johnson Street','Craigavon','Northern Ireland','BT66','(761) 8868296','2018-02-25'),(563,'289 Grayhawk Circle','Craigavon','Northern Ireland','BT66','(666) 5386037','2018-08-06'),(564,'82667 Waywood Circle','Craigavon','Northern Ireland','BT66','(204) 4861070','2018-06-08'),(565,'6652 Ramsey Pass','Craigavon','Northern Ireland','BT66','(855) 2653830','2018-04-24'),(566,'98214 Crescent Oaks Lane','Craigavon','Northern Ireland','BT66','(619) 9630680','2018-09-24'),(567,'59609 Lindbergh Junction','Belfast','Northern Ireland','BT2','(881) 9150739','2018-01-19'),(568,'0 Farmco Road','Belfast','Northern Ireland','BT2','(445) 7196205','2018-11-01'),(569,'207 Becker Plaza','Craigavon','Northern Ireland','BT66','(795) 2513359','2018-10-12'),(570,'970 South Pass','Belfast','Northern Ireland','BT2','(329) 5518356','2018-03-07'),(571,'893 Anniversary Trail','Craigavon','Northern Ireland','BT66','(213) 7163981','2018-09-06'),(572,'35805 Oxford Circle','Belfast','Northern Ireland','BT2','(242) 8713440','2018-02-23'),(573,'5654 Upham Junction','Craigavon','Northern Ireland','BT66','(771) 1958644','2018-09-26'),(574,'33296 Little Fleur Lane','Craigavon','Northern Ireland','BT66','(146) 7012082','2018-04-12'),(575,'3 Russell Point','Belfast','Northern Ireland','BT2','(724) 5016855','2018-03-05'),(576,'3 Amoth Center','Craigavon','Northern Ireland','BT66','(804) 6598530','2018-10-03'),(577,'0 Lakewood Pass','Craigavon','Northern Ireland','BT66','(551) 5435633','2018-09-14'),(578,'3 Lyons Center','Belfast','Northern Ireland','BT2','(548) 6666544','2018-07-07'),(579,'7695 Warbler Hill','Belfast','Northern Ireland','BT2','(251) 3700173','2018-06-06'),(580,'4 Mariners Cove Road','Belfast','Northern Ireland','BT2','(553) 5179277','2018-05-10'),(581,'98 Northport Way','Belfast','Northern Ireland','BT2','(822) 7665802','2018-12-14'),(582,'49 Mccormick Hill','Craigavon','Northern Ireland','BT66','(277) 5357007','2018-09-01'),(583,'51 Messerschmidt Hill','Craigavon','Northern Ireland','BT66','(819) 1962762','2018-07-02'),(584,'47 Nevada Road','Craigavon','Northern Ireland','BT66','(900) 3955844','2018-06-07'),(585,'48997 Hagan Plaza','Belfast','Northern Ireland','BT2','(585) 5354839','2018-08-23'),(586,'3 Sauthoff Drive','Craigavon','Northern Ireland','BT66','(702) 5053927','2018-11-10'),(587,'63138 Oneill Parkway','Belfast','Northern Ireland','BT2','(787) 7534907','2018-01-03'),(588,'05 5th Way','Craigavon','Northern Ireland','BT66','(442) 1575438','2018-10-26'),(589,'3100 Merrick Crossing','Craigavon','Northern Ireland','BT66','(871) 3861484','2018-06-10'),(590,'7 Lyons Circle','Craigavon','Northern Ireland','BT66','(557) 2690564','2018-06-21'),(591,'68826 Arrowood Terrace','Craigavon','Northern Ireland','BT66','(223) 1534982','2018-04-10'),(592,'1567 Mifflin Alley','Craigavon','Northern Ireland','BT66','(550) 6734087','2018-02-11'),(593,'0797 Sachtjen Park','Craigavon','Northern Ireland','BT66','(370) 8387164','2018-01-12'),(594,'62847 Warrior Alley','Belfast','Northern Ireland','BT2','(278) 5085738','2018-05-19'),(595,'91 Aberg Center','Belfast','Northern Ireland','BT2','(315) 2727351','2018-12-16'),(596,'0837 Dawn Road','Craigavon','Northern Ireland','BT66','(242) 6918334','2018-03-20'),(597,'888 Troy Park','Belfast','Northern Ireland','BT2','(102) 8251147','2018-09-23'),(598,'22 Beilfuss Parkway','Belfast','Northern Ireland','BT2','(635) 5075042','2018-10-16'),(599,'856 Menomonie Place','Craigavon','Northern Ireland','BT66','(525) 1557370','2018-06-17'),(600,'14340 Marquette Lane','Craigavon','Northern Ireland','BT66','(350) 3941210','2018-03-18'),(601,'56870 Birchwood Crossing','Craigavon','Northern Ireland','BT66','(506) 1349766','2018-10-01'),(602,'62064 Pine View Lane','Craigavon','Northern Ireland','BT66','(966) 4342262','2018-04-30'),(603,'7952 Briar Crest Center','Craigavon','Northern Ireland','BT66','(725) 8618812','2018-03-23'),(604,'64474 Longview Court','Belfast','Northern Ireland','BT2','(718) 2598622','2018-01-20'),(605,'3 Waubesa Park','Belfast','Northern Ireland','BT2','(154) 1127361','2018-02-27'),(606,'983 Surrey Pass','Craigavon','Northern Ireland','BT66','(696) 1560620','2018-01-19'),(607,'5292 Village Green Pass','Craigavon','Northern Ireland','BT66','(337) 5089275','2018-12-25'),(608,'25014 Towne Alley','Belfast','Northern Ireland','BT2','(282) 5640056','2018-12-05'),(609,'5 Manitowish Lane','Belfast','Northern Ireland','BT2','(233) 5172689','2018-11-18'),(610,'85753 Rieder Parkway','Craigavon','Northern Ireland','BT66','(471) 4982678','2018-08-01'),(611,'29 Petterle Road','Belfast','Northern Ireland','BT2','(309) 3770130','2018-07-22'),(612,'989 Dorton Circle','Belfast','Northern Ireland','BT2','(804) 5348423','2018-08-07'),(613,'3 Green Ridge Pass','Craigavon','Northern Ireland','BT66','(561) 6424937','2018-10-17'),(614,'2348 Garrison Parkway','Craigavon','Northern Ireland','BT66','(846) 3392261','2018-11-22'),(615,'85703 Mcbride Crossing','Belfast','Northern Ireland','BT2','(345) 8412447','2018-07-19'),(616,'11898 Warner Circle','Belfast','Northern Ireland','BT2','(579) 5716432','2018-09-17'),(617,'635 Derek Alley','Craigavon','Northern Ireland','BT66','(230) 6116781','2018-02-01'),(618,'2030 Mccormick Parkway','Craigavon','Northern Ireland','BT66','(930) 2127262','2018-08-21'),(619,'2 Kenwood Road','Craigavon','Northern Ireland','BT66','(298) 6550336','2018-01-02'),(620,'01 Farmco Point','Craigavon','Northern Ireland','BT66','(523) 3519115','2018-12-06'),(621,'69 Vidon Street','Belfast','Northern Ireland','BT2','(611) 3347591','2018-08-08'),(622,'87 Superior Court','Belfast','Northern Ireland','BT2','(621) 3061881','2018-06-21'),(623,'23 West Way','Belfast','Northern Ireland','BT2','(530) 9194258','2018-02-25'),(624,'230 Dakota Plaza','Craigavon','Northern Ireland','BT66','(431) 4448586','2018-10-28'),(625,'01163 Lillian Point','Craigavon','Northern Ireland','BT66','(232) 2307209','2018-04-01'),(626,'2 Pine View Plaza','Craigavon','Northern Ireland','BT66','(187) 9533017','2018-04-27'),(627,'32 Crowley Pass','Craigavon','Northern Ireland','BT66','(370) 5673528','2018-09-06'),(628,'14439 Londonderry Court','Belfast','Northern Ireland','BT2','(417) 3650181','2018-07-30'),(629,'90974 Anhalt Crossing','Belfast','Northern Ireland','BT2','(535) 9880835','2018-03-26'),(630,'1 Loftsgordon Way','Craigavon','Northern Ireland','BT66','(999) 1201776','2018-06-01'),(631,'95 Onsgard Trail','Craigavon','Northern Ireland','BT66','(989) 4560815','2018-03-15'),(632,'690 Steensland Center','Craigavon','Northern Ireland','BT66','(849) 2363225','2018-03-23'),(633,'30966 Northview Junction','Belfast','Northern Ireland','BT2','(198) 2557662','2018-03-21'),(634,'1 Linden Place','Belfast','Northern Ireland','BT2','(947) 7969278','2018-06-22'),(635,'23721 Lawn Street','Craigavon','Northern Ireland','BT66','(625) 5363988','2018-09-25'),(636,'9940 Miller Drive','Craigavon','Northern Ireland','BT66','(493) 8278638','2018-12-06'),(637,'978 Rusk Park','Belfast','Northern Ireland','BT2','(252) 3164106','2018-08-19'),(638,'0 Florence Point','Craigavon','Northern Ireland','BT66','(928) 7262140','2018-07-28'),(639,'1 Westridge Trail','Belfast','Northern Ireland','BT2','(852) 6008399','2018-12-13'),(640,'54413 Talmadge Junction','Belfast','Northern Ireland','BT2','(200) 5269569','2018-10-10'),(641,'37 Magdeline Alley','Belfast','Northern Ireland','BT2','(814) 4970768','2018-08-23'),(642,'3530 Brickson Park Terrace','Belfast','Northern Ireland','BT2','(930) 6470459','2018-10-07'),(643,'08 Dryden Way','Craigavon','Northern Ireland','BT66','(915) 9001339','2018-08-07'),(644,'889 Evergreen Plaza','Belfast','Northern Ireland','BT2','(870) 2601212','2018-08-03'),(645,'308 Hovde Plaza','Belfast','Northern Ireland','BT2','(786) 9295603','2018-02-02'),(646,'02984 Transport Plaza','Craigavon','Northern Ireland','BT66','(233) 6208671','2018-02-23'),(647,'142 Portage Drive','Craigavon','Northern Ireland','BT66','(588) 7825145','2018-02-12'),(648,'07 Walton Park','Craigavon','Northern Ireland','BT66','(909) 5069626','2018-08-18'),(649,'417 Coolidge Avenue','Belfast','Northern Ireland','BT2','(415) 8095005','2018-04-29'),(650,'8194 Debs Alley','Craigavon','Northern Ireland','BT66','(724) 9032525','2018-11-30'),(651,'05737 South Place','Belfast','Northern Ireland','BT2','(649) 4199552','2018-04-24'),(652,'1 New Castle Place','Belfast','Northern Ireland','BT2','(868) 7487666','2018-06-09'),(653,'292 Linden Lane','Craigavon','Northern Ireland','BT66','(235) 8684146','2018-03-20'),(654,'61 Judy Road','Belfast','Northern Ireland','BT2','(250) 2364727','2018-05-06'),(655,'39 Prairieview Parkway','Belfast','Northern Ireland','BT2','(127) 7957214','2018-06-09'),(656,'95 Roxbury Hill','Belfast','Northern Ireland','BT2','(678) 4895318','2018-12-19'),(657,'050 Cambridge Road','Belfast','Northern Ireland','BT2','(798) 3691657','2018-09-03'),(658,'479 Boyd Terrace','Belfast','Northern Ireland','BT2','(108) 8150955','2018-01-16'),(659,'987 Sloan Circle','Craigavon','Northern Ireland','BT66','(366) 8326166','2018-08-31'),(660,'176 Delladonna Park','Craigavon','Northern Ireland','BT66','(686) 2884965','2018-03-13'),(661,'65658 Dunning Place','Belfast','Northern Ireland','BT2','(294) 7874131','2018-08-19'),(662,'0 Steensland Park','Belfast','Northern Ireland','BT2','(594) 6578554','2018-09-03'),(663,'86062 Village Way','Craigavon','Northern Ireland','BT66','(881) 5570217','2018-01-10'),(664,'0 Ridge Oak Terrace','Craigavon','Northern Ireland','BT66','(707) 5955224','2018-07-13'),(665,'95 North Alley','Belfast','Northern Ireland','BT2','(376) 4169698','2018-03-10'),(666,'6 Forest Crossing','Belfast','Northern Ireland','BT2','(994) 9889678','2018-11-08'),(667,'5593 Northland Lane','Craigavon','Northern Ireland','BT66','(144) 8880997','2018-10-25'),(668,'567 Northridge Hill','Craigavon','Northern Ireland','BT66','(585) 7466816','2018-12-17'),(669,'1 Roth Avenue','Craigavon','Northern Ireland','BT66','(495) 1552272','2018-10-05'),(670,'58 Hanover Place','Belfast','Northern Ireland','BT2','(169) 7308922','2018-08-31'),(671,'94070 Schlimgen Avenue','Craigavon','Northern Ireland','BT66','(717) 9160990','2018-03-09'),(672,'66 Haas Trail','Belfast','Northern Ireland','BT2','(885) 9175478','2018-08-25'),(673,'11 Reinke Street','Craigavon','Northern Ireland','BT66','(988) 4821589','2018-06-21'),(674,'207 Mallard Street','Belfast','Northern Ireland','BT2','(105) 8601729','2018-01-09'),(675,'46 Sunnyside Drive','Belfast','Northern Ireland','BT2','(167) 8140981','2018-06-12'),(676,'660 Clove Plaza','Belfast','Northern Ireland','BT2','(257) 8901683','2018-08-17'),(677,'27 Cherokee Drive','Belfast','Northern Ireland','BT2','(761) 5852678','2018-11-12'),(678,'678 Warner Avenue','Belfast','Northern Ireland','BT2','(278) 3471567','2018-11-07'),(679,'70453 Dovetail Avenue','Craigavon','Northern Ireland','BT66','(764) 2772484','2018-11-03'),(680,'2 Vahlen Trail','Belfast','Northern Ireland','BT2','(698) 2510757','2018-07-11'),(681,'8 Johnson Court','Craigavon','Northern Ireland','BT66','(772) 4607974','2018-12-12'),(682,'2 Manitowish Pass','Belfast','Northern Ireland','BT2','(679) 6698663','2018-09-09'),(683,'56 Stoughton Circle','Craigavon','Northern Ireland','BT66','(254) 4796211','2018-07-01'),(684,'2833 Hovde Center','Craigavon','Northern Ireland','BT66','(333) 2339147','2018-05-08'),(685,'8990 1st Crossing','Belfast','Northern Ireland','BT2','(428) 5797849','2018-03-17'),(686,'21 Glendale Alley','Craigavon','Northern Ireland','BT66','(890) 4661859','2018-03-08'),(687,'04 Ramsey Terrace','Belfast','Northern Ireland','BT2','(149) 4979919','2018-07-21'),(688,'48868 Schiller Avenue','Craigavon','Northern Ireland','BT66','(536) 2275090','2018-05-14'),(689,'6 Beilfuss Pass','Belfast','Northern Ireland','BT2','(484) 9355573','2018-04-27'),(690,'6174 Trailsway Circle','Belfast','Northern Ireland','BT2','(194) 7886199','2018-09-02'),(691,'11 Hooker Terrace','Belfast','Northern Ireland','BT2','(436) 4291479','2018-02-24'),(692,'80396 Kings Plaza','Craigavon','Northern Ireland','BT66','(319) 9360461','2018-03-10'),(693,'05848 Mcguire Crossing','Craigavon','Northern Ireland','BT66','(378) 1858920','2018-07-19'),(694,'483 Lakewood Circle','Craigavon','Northern Ireland','BT66','(627) 4988072','2018-07-23'),(695,'89551 Forster Street','Belfast','Northern Ireland','BT2','(197) 1442391','2018-09-03'),(696,'861 Eastlawn Parkway','Belfast','Northern Ireland','BT2','(569) 1235749','2018-06-22'),(697,'70702 Scofield Plaza','Belfast','Northern Ireland','BT2','(309) 4642095','2018-04-18'),(698,'1374 Fisk Park','Craigavon','Northern Ireland','BT66','(752) 3056617','2018-04-06'),(699,'48807 Messerschmidt Parkway','Belfast','Northern Ireland','BT2','(421) 8647727','2018-01-28'),(700,'08865 Cherokee Alley','Craigavon','Northern Ireland','BT66','(859) 4628899','2018-01-06'),(701,'767 Parkside Street','Belfast','Northern Ireland','BT2','(856) 6270187','2018-04-25'),(702,'1 Farragut Road','Craigavon','Northern Ireland','BT66','(870) 2292124','2018-11-25'),(703,'3233 Summerview Parkway','Craigavon','Northern Ireland','BT66','(427) 5588984','2018-11-08'),(704,'84776 Packers Trail','Craigavon','Northern Ireland','BT66','(240) 4443583','2018-01-20'),(705,'78593 Bellgrove Drive','Belfast','Northern Ireland','BT2','(435) 1653064','2018-03-14'),(706,'7 International Crossing','Belfast','Northern Ireland','BT2','(522) 5868227','2018-01-08'),(707,'0234 Arrowood Crossing','Belfast','Northern Ireland','BT2','(973) 5334643','2018-01-28'),(708,'88639 Kenwood Point','Belfast','Northern Ireland','BT2','(309) 8261780','2018-01-24'),(709,'50146 Ronald Regan Street','Belfast','Northern Ireland','BT2','(811) 2684959','2018-11-26'),(710,'90 Dahle Plaza','Craigavon','Northern Ireland','BT66','(394) 4394666','2018-11-26'),(711,'3893 Moulton Circle','Craigavon','Northern Ireland','BT66','(882) 4137008','2018-12-22'),(712,'2997 Eliot Way','Belfast','Northern Ireland','BT2','(723) 7194941','2018-05-03'),(713,'70 Hanover Road','Belfast','Northern Ireland','BT2','(972) 8651158','2018-08-14'),(714,'106 Brentwood Lane','Belfast','Northern Ireland','BT2','(928) 1469820','2018-05-10'),(715,'0801 Surrey Crossing','Craigavon','Northern Ireland','BT66','(115) 8905077','2018-06-28'),(716,'6741 Basil Point','Belfast','Northern Ireland','BT2','(995) 7730987','2018-07-09'),(717,'3948 Ridge Oak Hill','Craigavon','Northern Ireland','BT66','(688) 3034140','2018-09-15'),(718,'543 Elgar Plaza','Craigavon','Northern Ireland','BT66','(165) 2604136','2018-11-17'),(719,'8 Linden Avenue','Belfast','Northern Ireland','BT2','(876) 2655197','2018-02-19'),(720,'7 Hallows Avenue','Craigavon','Northern Ireland','BT66','(822) 3473330','2018-05-06'),(721,'1093 Wayridge Drive','Craigavon','Northern Ireland','BT66','(190) 9875637','2018-10-28'),(722,'78 Declaration Circle','Craigavon','Northern Ireland','BT66','(198) 2478384','2018-08-03'),(723,'0 Packers Place','Craigavon','Northern Ireland','BT66','(402) 6664951','2018-04-21'),(724,'542 Old Gate Crossing','Belfast','Northern Ireland','BT2','(933) 8105048','2018-02-11'),(725,'07484 Hoard Circle','Belfast','Northern Ireland','BT2','(299) 3346121','2018-12-10'),(726,'49 Upham Park','Craigavon','Northern Ireland','BT66','(349) 8851712','2018-05-01'),(727,'46 Bultman Plaza','Craigavon','Northern Ireland','BT66','(794) 2568823','2018-10-30'),(728,'96918 Old Shore Junction','Belfast','Northern Ireland','BT2','(921) 9956505','2018-01-06'),(729,'99050 Summer Ridge Hill','Belfast','Northern Ireland','BT2','(173) 3106247','2018-10-03'),(730,'55 Sutteridge Hill','Belfast','Northern Ireland','BT2','(365) 4697007','2018-12-07'),(731,'2717 Gale Center','Craigavon','Northern Ireland','BT66','(494) 1435596','2018-09-29'),(732,'0 Stone Corner Plaza','Belfast','Northern Ireland','BT2','(836) 1989764','2018-12-16'),(733,'90699 Sundown Road','Belfast','Northern Ireland','BT2','(904) 6493648','2018-03-02'),(734,'7851 Mcguire Lane','Craigavon','Northern Ireland','BT66','(675) 1631107','2018-07-24'),(735,'054 Merchant Park','Belfast','Northern Ireland','BT2','(638) 3040513','2018-04-15'),(736,'55002 International Crossing','Craigavon','Northern Ireland','BT66','(734) 1544147','2018-09-09'),(737,'78533 Ridge Oak Parkway','Craigavon','Northern Ireland','BT66','(476) 1064177','2018-04-17'),(738,'269 Charing Cross Crossing','Belfast','Northern Ireland','BT2','(190) 5063101','2018-07-09'),(739,'58 Derek Street','Craigavon','Northern Ireland','BT66','(998) 6072899','2018-06-18'),(740,'9 Browning Place','Belfast','Northern Ireland','BT2','(438) 5911066','2018-02-25'),(741,'5464 Alpine Court','Craigavon','Northern Ireland','BT66','(469) 2922012','2018-07-20'),(742,'1 Heffernan Point','Belfast','Northern Ireland','BT2','(747) 8620241','2018-06-01'),(743,'314 Crowley Place','Craigavon','Northern Ireland','BT66','(166) 7381170','2018-04-10'),(744,'5711 Raven Hill','Belfast','Northern Ireland','BT2','(535) 5952221','2018-09-07'),(745,'66453 Victoria Way','Craigavon','Northern Ireland','BT66','(268) 6502109','2018-01-21'),(746,'796 Schlimgen Way','Craigavon','Northern Ireland','BT66','(334) 1550308','2018-05-20'),(747,'25 Manley Alley','Belfast','Northern Ireland','BT2','(313) 4963218','2018-02-15'),(748,'987 Elgar Drive','Craigavon','Northern Ireland','BT66','(186) 4779276','2018-12-16'),(749,'853 West Trail','Belfast','Northern Ireland','BT2','(861) 8136080','2018-10-11'),(750,'43391 Service Terrace','Belfast','Northern Ireland','BT2','(918) 3305310','2018-09-18'),(751,'44167 Red Cloud Place','Craigavon','Northern Ireland','BT66','(145) 6152694','2018-04-04'),(752,'5137 Tomscot Point','Craigavon','Northern Ireland','BT66','(405) 1787544','2018-08-22'),(753,'3025 Golden Leaf Crossing','Craigavon','Northern Ireland','BT66','(760) 5345310','2018-10-24'),(754,'2 Bluejay Drive','Belfast','Northern Ireland','BT2','(412) 8438736','2018-12-25'),(755,'6662 Oneill Street','Craigavon','Northern Ireland','BT66','(152) 6726635','2018-06-16'),(756,'37 Melvin Place','Belfast','Northern Ireland','BT2','(659) 4712743','2018-06-22'),(757,'799 Novick Terrace','Craigavon','Northern Ireland','BT66','(926) 4867586','2018-03-28'),(758,'3 Becker Trail','Craigavon','Northern Ireland','BT66','(913) 4218108','2018-10-27'),(759,'85 Fulton Crossing','Craigavon','Northern Ireland','BT66','(828) 5327430','2018-10-15'),(760,'2 Elka Court','Craigavon','Northern Ireland','BT66','(674) 1284161','2018-12-26'),(761,'26 Evergreen Pass','Belfast','Northern Ireland','BT2','(306) 5974199','2018-03-06'),(762,'8 Ryan Junction','Craigavon','Northern Ireland','BT66','(836) 1027309','2018-02-28'),(763,'25 Havey Junction','Belfast','Northern Ireland','BT2','(648) 1783855','2018-06-11'),(764,'1865 Memorial Way','Belfast','Northern Ireland','BT2','(298) 8106746','2018-07-12'),(765,'479 Mayer Lane','Craigavon','Northern Ireland','BT66','(896) 1165980','2018-06-20'),(766,'65 Homewood Center','Belfast','Northern Ireland','BT2','(560) 9018406','2018-07-28'),(767,'1846 Bobwhite Road','Craigavon','Northern Ireland','BT66','(883) 8406159','2018-03-08'),(768,'541 Graedel Way','Belfast','Northern Ireland','BT2','(146) 4303223','2018-08-28'),(769,'2963 Rutledge Center','Belfast','Northern Ireland','BT2','(257) 5745801','2018-04-13'),(770,'37385 Loomis Plaza','Craigavon','Northern Ireland','BT66','(901) 2619113','2018-11-14'),(771,'5 Fieldstone Plaza','Craigavon','Northern Ireland','BT66','(781) 6950680','2018-03-23'),(772,'404 Dennis Lane','Craigavon','Northern Ireland','BT66','(812) 9592032','2018-04-29'),(773,'37960 Clemons Junction','Belfast','Northern Ireland','BT2','(255) 2233181','2018-12-04'),(774,'91 Fallview Parkway','Craigavon','Northern Ireland','BT66','(653) 8145040','2018-05-19'),(775,'0 Melody Drive','Belfast','Northern Ireland','BT2','(510) 2052133','2018-05-31'),(776,'75874 Carberry Plaza','Craigavon','Northern Ireland','BT66','(205) 3804965','2018-02-25'),(777,'4 Westport Pass','Craigavon','Northern Ireland','BT66','(178) 2878493','2018-04-19'),(778,'1 Pine View Point','Craigavon','Northern Ireland','BT66','(474) 4625511','2018-12-30'),(779,'5 Oak Valley Parkway','Craigavon','Northern Ireland','BT66','(605) 5628801','2018-06-24'),(780,'54 Coolidge Way','Craigavon','Northern Ireland','BT66','(556) 9878544','2018-03-26'),(781,'6920 Montana Court','Belfast','Northern Ireland','BT2','(956) 7127456','2018-10-11'),(782,'4081 Rowland Street','Belfast','Northern Ireland','BT2','(661) 2901428','2018-07-21'),(783,'84 Michigan Road','Belfast','Northern Ireland','BT2','(787) 5950399','2018-10-08'),(784,'16 Hoepker Pass','Craigavon','Northern Ireland','BT66','(676) 3976570','2018-11-13'),(785,'2454 Hintze Way','Craigavon','Northern Ireland','BT66','(458) 3608180','2018-02-24'),(786,'99806 Becker Street','Craigavon','Northern Ireland','BT66','(188) 1235076','2018-11-29'),(787,'26842 East Point','Craigavon','Northern Ireland','BT66','(235) 4764724','2018-05-01'),(788,'2 Farragut Parkway','Craigavon','Northern Ireland','BT66','(238) 8085201','2018-10-10'),(789,'914 Melody Junction','Craigavon','Northern Ireland','BT66','(188) 1918691','2018-12-17'),(790,'80 Tony Road','Craigavon','Northern Ireland','BT66','(537) 9029043','2018-10-21'),(791,'5 Talmadge Street','Craigavon','Northern Ireland','BT66','(753) 9395876','2018-05-23'),(792,'38516 Memorial Junction','Craigavon','Northern Ireland','BT66','(378) 7201163','2018-10-01'),(793,'13 Ludington Plaza','Craigavon','Northern Ireland','BT66','(802) 7090910','2018-08-10'),(794,'7475 Oneill Drive','Belfast','Northern Ireland','BT2','(668) 4537205','2018-02-10'),(795,'623 Park Meadow Center','Craigavon','Northern Ireland','BT66','(532) 3155406','2018-03-26'),(796,'08 Canary Lane','Craigavon','Northern Ireland','BT66','(976) 8863864','2018-10-29'),(797,'5 Bluestem Parkway','Belfast','Northern Ireland','BT2','(430) 9578869','2018-02-08'),(798,'89 Melby Circle','Craigavon','Northern Ireland','BT66','(644) 5777932','2018-09-08'),(799,'26345 New Castle Parkway','Craigavon','Northern Ireland','BT66','(655) 5666809','2018-05-03'),(800,'64277 Cherokee Junction','Belfast','Northern Ireland','BT2','(737) 4471344','2018-12-29'),(801,'49 Kensington Park','Belfast','Northern Ireland','BT2','(361) 6455545','2018-12-09'),(802,'1 Sage Place','Belfast','Northern Ireland','BT2','(392) 9103873','2018-11-04'),(803,'3775 Milwaukee Road','Craigavon','Northern Ireland','BT66','(828) 7489730','2018-08-27'),(804,'506 Jackson Trail','Craigavon','Northern Ireland','BT66','(438) 7830388','2018-08-02'),(805,'2108 Messerschmidt Place','Craigavon','Northern Ireland','BT66','(458) 8409224','2018-12-02'),(806,'0920 Clyde Gallagher Lane','Craigavon','Northern Ireland','BT66','(648) 5700263','2018-07-25'),(807,'70 Cordelia Court','Craigavon','Northern Ireland','BT66','(113) 9536556','2018-03-20'),(808,'5 Prairieview Parkway','Belfast','Northern Ireland','BT2','(579) 3737205','2018-04-20'),(809,'08 Grover Parkway','Craigavon','Northern Ireland','BT66','(425) 4832796','2018-02-07'),(810,'97 Grover Hill','Belfast','Northern Ireland','BT2','(997) 8605990','2018-06-05'),(811,'0120 Tennyson Lane','Belfast','Northern Ireland','BT2','(263) 7963694','2018-10-04'),(812,'4068 Reindahl Crossing','Belfast','Northern Ireland','BT2','(853) 7666642','2018-08-24'),(813,'22811 Gateway Street','Belfast','Northern Ireland','BT2','(590) 5366060','2018-06-14'),(814,'6 Hagan Park','Belfast','Northern Ireland','BT2','(905) 4443676','2018-12-02'),(815,'632 Fisk Park','Craigavon','Northern Ireland','BT66','(140) 1940815','2018-09-10'),(816,'48085 Barby Terrace','Craigavon','Northern Ireland','BT66','(781) 4568556','2018-08-10'),(817,'543 Portage Street','Belfast','Northern Ireland','BT2','(137) 4243701','2018-07-30'),(818,'417 Waubesa Court','Belfast','Northern Ireland','BT2','(442) 2352486','2018-12-04'),(819,'3 Annamark Junction','Craigavon','Northern Ireland','BT66','(300) 5054685','2018-11-09'),(820,'44658 Eggendart Court','Craigavon','Northern Ireland','BT66','(581) 8451049','2018-09-10'),(821,'53161 Amoth Drive','Belfast','Northern Ireland','BT2','(479) 3965866','2018-12-20'),(822,'9 Namekagon Crossing','Belfast','Northern Ireland','BT2','(975) 4442620','2018-06-24'),(823,'2241 Bonner Pass','Belfast','Northern Ireland','BT2','(638) 8706332','2018-04-20'),(824,'7291 Mandrake Alley','Craigavon','Northern Ireland','BT66','(175) 3737470','2018-09-30'),(825,'48 Clove Center','Craigavon','Northern Ireland','BT66','(707) 8681168','2018-03-05'),(826,'066 Mallard Way','Belfast','Northern Ireland','BT2','(539) 8952069','2018-02-06'),(827,'8916 Oneill Terrace','Craigavon','Northern Ireland','BT66','(602) 2974249','2018-11-25'),(828,'860 Springview Circle','Belfast','Northern Ireland','BT2','(840) 8870453','2018-09-29'),(829,'96 Browning Junction','Craigavon','Northern Ireland','BT66','(972) 3661274','2018-02-04'),(830,'641 Kinsman Way','Belfast','Northern Ireland','BT2','(980) 3538904','2018-05-12'),(831,'0 Victoria Junction','Belfast','Northern Ireland','BT2','(750) 5933088','2018-11-26'),(832,'0915 Dunning Pass','Belfast','Northern Ireland','BT2','(784) 7220363','2018-09-05'),(833,'63 Hermina Pass','Belfast','Northern Ireland','BT2','(922) 9146596','2018-07-07'),(834,'67 Cambridge Street','Craigavon','Northern Ireland','BT66','(255) 4026318','2018-03-01'),(835,'338 Portage Point','Belfast','Northern Ireland','BT2','(505) 5338327','2018-07-16'),(836,'9 Cardinal Center','Craigavon','Northern Ireland','BT66','(383) 9369885','2018-05-16'),(837,'3 Luster Plaza','Craigavon','Northern Ireland','BT66','(499) 1006046','2018-09-14'),(838,'4873 Bartelt Street','Belfast','Northern Ireland','BT2','(352) 2104974','2018-02-06'),(839,'34347 Pond Plaza','Belfast','Northern Ireland','BT2','(391) 5306963','2018-05-02'),(840,'3 Hoffman Center','Belfast','Northern Ireland','BT2','(463) 8046920','2018-03-15'),(841,'9 Pankratz Place','Craigavon','Northern Ireland','BT66','(108) 1122910','2018-10-19'),(842,'63643 Bayside Place','Craigavon','Northern Ireland','BT66','(561) 1144839','2018-03-18'),(843,'246 Grim Terrace','Craigavon','Northern Ireland','BT66','(238) 6971200','2018-02-18'),(844,'67159 Kropf Center','Craigavon','Northern Ireland','BT66','(229) 5733081','2018-05-20'),(845,'75 Oriole Place','Craigavon','Northern Ireland','BT66','(506) 6102433','2018-11-27'),(846,'8971 Pennsylvania Junction','Belfast','Northern Ireland','BT2','(756) 5253535','2018-03-14'),(847,'4 Laurel Pass','Belfast','Northern Ireland','BT2','(689) 8644205','2018-06-17'),(848,'209 Toban Crossing','Belfast','Northern Ireland','BT2','(278) 4503750','2018-05-09'),(849,'48 Duke Hill','Craigavon','Northern Ireland','BT66','(758) 2027621','2018-03-05'),(850,'0936 Milwaukee Place','Craigavon','Northern Ireland','BT66','(495) 2967210','2018-08-17'),(851,'15576 Hallows Drive','Belfast','Northern Ireland','BT2','(211) 9510961','2018-08-22'),(852,'1 Dunning Junction','Belfast','Northern Ireland','BT2','(310) 1933084','2018-01-20'),(853,'8531 Parkside Pass','Craigavon','Northern Ireland','BT66','(257) 8526355','2018-04-28'),(854,'30632 Mcguire Pass','Craigavon','Northern Ireland','BT66','(646) 3736199','2018-03-17'),(855,'5 La Follette Pass','Craigavon','Northern Ireland','BT66','(341) 7978740','2018-11-13'),(856,'80 Sugar Terrace','Craigavon','Northern Ireland','BT66','(869) 9592984','2018-07-01'),(857,'7 Shelley Alley','Belfast','Northern Ireland','BT2','(823) 7576837','2018-09-06'),(858,'8187 Vahlen Parkway','Belfast','Northern Ireland','BT2','(882) 8795371','2018-09-22'),(859,'087 1st Drive','Belfast','Northern Ireland','BT2','(290) 4598488','2018-09-18'),(860,'65219 Clyde Gallagher Parkway','Belfast','Northern Ireland','BT2','(935) 1872304','2018-08-19'),(861,'71 Shoshone Pass','Craigavon','Northern Ireland','BT66','(717) 4505958','2018-06-21'),(862,'8 Kinsman Alley','Craigavon','Northern Ireland','BT66','(446) 6389193','2018-02-05'),(863,'375 New Castle Pass','Belfast','Northern Ireland','BT2','(895) 6628231','2018-01-02'),(864,'4163 Chive Parkway','Belfast','Northern Ireland','BT2','(348) 7321141','2018-11-16'),(865,'31 Fallview Park','Belfast','Northern Ireland','BT2','(606) 1685849','2018-04-18'),(866,'4237 Prairieview Place','Craigavon','Northern Ireland','BT66','(122) 7121282','2018-01-16'),(867,'656 Raven Drive','Craigavon','Northern Ireland','BT66','(101) 2483188','2018-05-20'),(868,'85 Walton Junction','Belfast','Northern Ireland','BT2','(761) 8608609','2018-06-12'),(869,'2 Graedel Hill','Belfast','Northern Ireland','BT2','(167) 3782782','2018-12-16'),(870,'2999 Redwing Lane','Belfast','Northern Ireland','BT2','(604) 1869042','2018-04-16'),(871,'97 Talisman Court','Belfast','Northern Ireland','BT2','(709) 9725479','2018-08-03'),(872,'563 Anderson Alley','Craigavon','Northern Ireland','BT66','(151) 4801069','2018-01-12'),(873,'0993 Del Sol Place','Belfast','Northern Ireland','BT2','(500) 5175515','2018-08-28'),(874,'49910 Mcbride Way','Belfast','Northern Ireland','BT2','(441) 3648222','2018-08-14'),(875,'87150 Golf Course Point','Craigavon','Northern Ireland','BT66','(745) 8050639','2018-05-17'),(876,'38195 Rigney Crossing','Belfast','Northern Ireland','BT2','(729) 6343713','2018-06-26'),(877,'1 Pepper Wood Road','Craigavon','Northern Ireland','BT66','(182) 8837082','2018-09-05'),(878,'52 Esch Lane','Belfast','Northern Ireland','BT2','(949) 4876502','2018-06-20'),(879,'4 Hallows Avenue','Belfast','Northern Ireland','BT2','(173) 8785259','2018-10-28'),(880,'603 Judy Drive','Craigavon','Northern Ireland','BT66','(591) 3793977','2018-09-19'),(881,'4690 Texas Avenue','Belfast','Northern Ireland','BT2','(851) 4954270','2018-03-30'),(882,'9630 Warbler Way','Belfast','Northern Ireland','BT2','(124) 5828549','2018-06-15'),(883,'092 Bowman Park','Craigavon','Northern Ireland','BT66','(552) 1362945','2018-01-01'),(884,'87875 Roth Street','Craigavon','Northern Ireland','BT66','(337) 5539640','2018-03-29'),(885,'7 Lighthouse Bay Court','Belfast','Northern Ireland','BT2','(651) 2212949','2018-02-27'),(886,'5794 Lawn Place','Craigavon','Northern Ireland','BT66','(596) 7623629','2018-06-24'),(887,'87 Green Ridge Pass','Craigavon','Northern Ireland','BT66','(794) 5656011','2018-05-16'),(888,'583 Morningstar Center','Craigavon','Northern Ireland','BT66','(194) 2741025','2018-05-30'),(889,'2 Starling Lane','Belfast','Northern Ireland','BT2','(967) 3034565','2018-11-03'),(890,'6159 Lillian Center','Belfast','Northern Ireland','BT2','(955) 1316106','2018-06-19'),(891,'1112 Golf View Lane','Craigavon','Northern Ireland','BT66','(662) 1471040','2018-03-18'),(892,'9889 Gerald Crossing','Craigavon','Northern Ireland','BT66','(218) 9800359','2018-10-12'),(893,'57664 Kropf Place','Belfast','Northern Ireland','BT2','(199) 7067114','2018-02-24'),(894,'84790 Anzinger Lane','Craigavon','Northern Ireland','BT66','(906) 3840571','2018-04-12'),(895,'4 Blue Bill Park Crossing','Craigavon','Northern Ireland','BT66','(715) 6081607','2018-03-22'),(896,'3267 Lillian Trail','Belfast','Northern Ireland','BT2','(226) 6539185','2018-12-05'),(897,'8928 Larry Drive','Belfast','Northern Ireland','BT2','(754) 7673002','2018-05-30'),(898,'45262 Randy Junction','Craigavon','Northern Ireland','BT66','(518) 8129598','2018-02-16'),(899,'6 Longview Street','Belfast','Northern Ireland','BT2','(964) 6623856','2018-08-06'),(900,'3360 Norway Maple Hill','Craigavon','Northern Ireland','BT66','(483) 8477408','2018-01-16'),(901,'5 Prairieview Avenue','Belfast','Northern Ireland','BT2','(653) 5332958','2018-01-12'),(902,'0618 Derek Hill','Belfast','Northern Ireland','BT2','(649) 1000352','2018-11-27'),(903,'12 Towne Park','Craigavon','Northern Ireland','BT66','(189) 1658061','2018-05-28'),(904,'02 Wayridge Trail','Craigavon','Northern Ireland','BT66','(662) 9426169','2018-10-31'),(905,'08544 Fieldstone Way','Craigavon','Northern Ireland','BT66','(310) 7812509','2018-02-12'),(906,'34867 Stone Corner Plaza','Belfast','Northern Ireland','BT2','(793) 9431493','2018-11-14'),(907,'8 Kinsman Crossing','Craigavon','Northern Ireland','BT66','(217) 6340181','2018-01-13'),(908,'13 Pleasure Circle','Craigavon','Northern Ireland','BT66','(792) 5583770','2018-11-29'),(909,'1556 Coleman Parkway','Belfast','Northern Ireland','BT2','(151) 8329776','2018-09-30'),(910,'10678 Emmet Park','Craigavon','Northern Ireland','BT66','(766) 2828708','2018-08-13'),(911,'76867 Beilfuss Terrace','Craigavon','Northern Ireland','BT66','(265) 7267980','2018-10-29'),(912,'0 Oak Terrace','Craigavon','Northern Ireland','BT66','(777) 9942391','2018-06-09'),(913,'9 Riverside Terrace','Belfast','Northern Ireland','BT2','(280) 7859276','2018-05-05'),(914,'6 Columbus Plaza','Belfast','Northern Ireland','BT2','(107) 5159680','2018-11-25'),(915,'043 Shopko Terrace','Craigavon','Northern Ireland','BT66','(264) 4188950','2018-08-13'),(916,'6606 Bartelt Way','Craigavon','Northern Ireland','BT66','(353) 5942623','2018-04-17'),(917,'30 Hermina Street','Craigavon','Northern Ireland','BT66','(226) 9153783','2018-11-27'),(918,'3021 Spenser Junction','Belfast','Northern Ireland','BT2','(146) 6864283','2018-05-07'),(919,'1650 Tomscot Point','Craigavon','Northern Ireland','BT66','(363) 7928891','2018-05-27'),(920,'349 Tennessee Center','Craigavon','Northern Ireland','BT66','(308) 5331465','2018-11-28'),(921,'32752 East Plaza','Belfast','Northern Ireland','BT2','(716) 2640807','2018-09-14'),(922,'96 Vernon Hill','Craigavon','Northern Ireland','BT66','(560) 6139403','2018-10-26'),(923,'9 Oak Valley Point','Craigavon','Northern Ireland','BT66','(141) 9214184','2018-08-01'),(924,'7 Portage Court','Craigavon','Northern Ireland','BT66','(642) 9523452','2018-02-06'),(925,'88 Brown Road','Belfast','Northern Ireland','BT2','(431) 5028512','2018-01-25'),(926,'25426 Dexter Drive','Belfast','Northern Ireland','BT2','(335) 5496720','2018-09-15'),(927,'64041 Blaine Parkway','Craigavon','Northern Ireland','BT66','(718) 5908518','2018-11-18'),(928,'8 Shopko Junction','Craigavon','Northern Ireland','BT66','(383) 7424095','2018-04-06'),(929,'2 Grasskamp Hill','Belfast','Northern Ireland','BT2','(475) 7995425','2018-04-28'),(930,'0 Trailsway Circle','Belfast','Northern Ireland','BT2','(849) 1684682','2018-09-24'),(931,'210 Golden Leaf Avenue','Craigavon','Northern Ireland','BT66','(110) 6800949','2018-03-19'),(932,'2 Rowland Park','Belfast','Northern Ireland','BT2','(606) 6585770','2018-09-18'),(933,'89 Anhalt Lane','Craigavon','Northern Ireland','BT66','(430) 5288811','2018-03-29'),(934,'6 Bartelt Place','Craigavon','Northern Ireland','BT66','(432) 4341437','2018-12-08'),(935,'60 Summit Plaza','Craigavon','Northern Ireland','BT66','(702) 4789487','2018-11-01'),(936,'25535 Mockingbird Alley','Craigavon','Northern Ireland','BT66','(942) 2384739','2018-05-05'),(937,'574 Hallows Park','Craigavon','Northern Ireland','BT66','(268) 4489410','2018-04-11'),(938,'2858 Blaine Hill','Craigavon','Northern Ireland','BT66','(745) 7589113','2018-12-24'),(939,'6 Buhler Pass','Belfast','Northern Ireland','BT2','(846) 8877183','2018-04-03'),(940,'77510 Village Road','Belfast','Northern Ireland','BT2','(517) 3384882','2018-12-14'),(941,'7671 Blackbird Center','Craigavon','Northern Ireland','BT66','(952) 7284804','2018-08-12'),(942,'97098 Packers Hill','Belfast','Northern Ireland','BT2','(974) 6985605','2018-01-29'),(943,'9917 Lunder Lane','Craigavon','Northern Ireland','BT66','(588) 5746083','2018-07-24'),(944,'73 Basil Trail','Craigavon','Northern Ireland','BT66','(132) 4265360','2018-12-24'),(945,'6 Grim Point','Craigavon','Northern Ireland','BT66','(909) 5672364','2018-10-06'),(946,'32763 Buhler Road','Belfast','Northern Ireland','BT2','(882) 8511438','2018-07-03'),(947,'932 Vidon Court','Craigavon','Northern Ireland','BT66','(174) 1786310','2018-11-07'),(948,'69356 Brentwood Road','Craigavon','Northern Ireland','BT66','(608) 4589084','2018-11-21'),(949,'64 Reinke Hill','Belfast','Northern Ireland','BT2','(498) 1128104','2018-05-27'),(950,'58142 Lawn Parkway','Belfast','Northern Ireland','BT2','(442) 2101797','2018-06-27'),(951,'07813 Summerview Hill','Craigavon','Northern Ireland','BT66','(924) 7716541','2018-09-23'),(952,'23391 Cottonwood Street','Belfast','Northern Ireland','BT2','(678) 2748256','2018-05-12'),(953,'06310 Ryan Lane','Craigavon','Northern Ireland','BT66','(569) 6609029','2018-01-25'),(954,'33 Hermina Road','Craigavon','Northern Ireland','BT66','(894) 6472492','2018-01-20'),(955,'855 Waxwing Crossing','Craigavon','Northern Ireland','BT66','(178) 8510007','2018-03-04'),(956,'0 Muir Terrace','Belfast','Northern Ireland','BT2','(893) 6877450','2018-04-25'),(957,'91 Debra Trail','Craigavon','Northern Ireland','BT66','(400) 6015214','2018-01-10'),(958,'22578 Clemons Crossing','Belfast','Northern Ireland','BT2','(247) 1845116','2018-02-02'),(959,'96327 Granby Park','Craigavon','Northern Ireland','BT66','(533) 4578328','2018-02-17'),(960,'08807 Ohio Plaza','Craigavon','Northern Ireland','BT66','(596) 4771350','2018-05-10'),(961,'1 Marcy Street','Craigavon','Northern Ireland','BT66','(105) 7347163','2018-08-27'),(962,'3885 Memorial Court','Belfast','Northern Ireland','BT2','(345) 2269759','2018-06-19'),(963,'1 Dunning Junction','Craigavon','Northern Ireland','BT66','(927) 3560651','2018-03-02'),(964,'68441 Eastwood Crossing','Craigavon','Northern Ireland','BT66','(895) 5843989','2018-09-07'),(965,'3 Artisan Circle','Craigavon','Northern Ireland','BT66','(731) 9302900','2018-05-27'),(966,'4 Sugar Circle','Craigavon','Northern Ireland','BT66','(163) 7965595','2018-06-01'),(967,'21 Caliangt Park','Craigavon','Northern Ireland','BT66','(706) 1981352','2018-09-30'),(968,'2955 Tomscot Center','Craigavon','Northern Ireland','BT66','(231) 8702213','2018-11-14'),(969,'86 Commercial Place','Craigavon','Northern Ireland','BT66','(670) 2317173','2018-02-22'),(970,'67 Forest Run Plaza','Belfast','Northern Ireland','BT2','(977) 9477226','2018-04-23'),(971,'69 Drewry Crossing','Craigavon','Northern Ireland','BT66','(503) 6980960','2018-11-22'),(972,'6947 Morning Road','Belfast','Northern Ireland','BT2','(842) 1042588','2018-06-25'),(973,'376 Towne Road','Craigavon','Northern Ireland','BT66','(657) 9445270','2018-04-05'),(974,'529 Hudson Terrace','Craigavon','Northern Ireland','BT66','(658) 7637699','2018-02-26'),(975,'8 Darwin Court','Belfast','Northern Ireland','BT2','(474) 3564651','2018-12-10'),(976,'5 Hallows Alley','Craigavon','Northern Ireland','BT66','(139) 5998751','2018-10-05'),(977,'1785 Sutteridge Street','Belfast','Northern Ireland','BT2','(634) 6527250','2018-02-22'),(978,'99 Little Fleur Trail','Craigavon','Northern Ireland','BT66','(503) 6018041','2018-02-23'),(979,'337 Crest Line Crossing','Belfast','Northern Ireland','BT2','(181) 7194393','2018-11-10'),(980,'90973 Stoughton Terrace','Belfast','Northern Ireland','BT2','(548) 2255925','2018-09-21'),(981,'73 Thierer Circle','Belfast','Northern Ireland','BT2','(463) 6455566','2018-05-04'),(982,'1 Novick Drive','Craigavon','Northern Ireland','BT66','(539) 2210857','2018-07-08'),(983,'55 Manufacturers Crossing','Craigavon','Northern Ireland','BT66','(297) 2098335','2018-01-10'),(984,'2 Division Drive','Belfast','Northern Ireland','BT2','(190) 2936667','2018-06-05'),(985,'985 Prairieview Point','Belfast','Northern Ireland','BT2','(373) 3086758','2018-09-24'),(986,'4067 Havey Junction','Belfast','Northern Ireland','BT2','(819) 3970592','2018-06-09'),(987,'6471 Stone Corner Road','Craigavon','Northern Ireland','BT66','(431) 9622132','2018-12-25'),(988,'78959 Golf View Point','Belfast','Northern Ireland','BT2','(735) 9909891','2018-07-14'),(989,'726 Jenna Way','Craigavon','Northern Ireland','BT66','(565) 3099033','2018-03-03'),(990,'64754 Novick Junction','Belfast','Northern Ireland','BT2','(211) 4608257','2018-06-14'),(991,'36 Bartelt Parkway','Craigavon','Northern Ireland','BT66','(782) 5292148','2018-02-19'),(992,'4 Mcbride Road','Craigavon','Northern Ireland','BT66','(780) 6402420','2018-05-22'),(993,'874 Nelson Hill','Craigavon','Northern Ireland','BT66','(454) 9617880','2018-01-24'),(994,'5369 Orin Street','Craigavon','Northern Ireland','BT66','(121) 5818330','2018-09-06'),(995,'1514 Basil Alley','Craigavon','Northern Ireland','BT66','(829) 9209536','2018-09-11'),(996,'6799 6th Park','Craigavon','Northern Ireland','BT66','(858) 9535497','2018-08-27'),(997,'336 Bay Street','Craigavon','Northern Ireland','BT66','(173) 2216434','2018-10-23'),(998,'57586 Goodland Trail','Belfast','Northern Ireland','BT2','(478) 4976407','2018-03-21'),(999,'4 Paget Pass','Craigavon','Northern Ireland','BT66','(166) 3050048','2018-02-06'),(1000,'95 Petterle Court','Belfast','Northern Ireland','BT2','(798) 9835816','2018-10-28'),(1001,'11493 Rutledge Parkway','Belfast','Northern Ireland','BT2','(931) 6887593','2018-01-26'),(1002,'673 Mallory Trail','Belfast','Northern Ireland','BT2','(839) 1674907','2018-04-23'),(1003,'7 Calypso Hill','Belfast','Northern Ireland','BT2','(635) 7626098','2018-07-02'),(1004,'09 Welch Street','Belfast','Northern Ireland','BT2','(866) 6787016','2018-06-28'),(1005,'9490 Harbort Street','Belfast','Northern Ireland','BT2','(894) 3363684','2018-12-02'),(1006,'520 Rutledge Way','Craigavon','Northern Ireland','BT66','(609) 1623186','2018-07-11'),(1007,'1 Spaight Avenue','Craigavon','Northern Ireland','BT66','(240) 4507336','2018-03-25'),(1008,'75 Lien Court','Craigavon','Northern Ireland','BT66','(883) 1333626','2018-05-12'),(1009,'4789 Hollow Ridge Hill','Belfast','Northern Ireland','BT2','(949) 1318122','2018-07-05'),(1010,'173 Summer Ridge Point','Belfast','Northern Ireland','BT2','(273) 9657256','2018-06-21'),(1011,'088 Park Meadow Parkway','Craigavon','Northern Ireland','BT66','(127) 9385137','2018-09-08');
/*!40000 ALTER TABLE `address` ENABLE KEYS */;
UNLOCK TABLES;

--
-- Table structure for table `customers`
--

DROP TABLE IF EXISTS `customers`;
/*!40101 SET @saved_cs_client     = @@character_set_client */;
 SET character_set_client = utf8mb4 ;
CREATE TABLE `customers` (
  `customer_id` int(11) NOT NULL,
  `fname` varchar(16) DEFAULT NULL,
  `lname` varchar(16) DEFAULT NULL,
  `address_id` int(11) DEFAULT NULL,
  `email` varchar(40) DEFAULT NULL,
  `order_id` varchar(4) DEFAULT NULL,
  `last_update` date DEFAULT NULL,
  PRIMARY KEY (`customer_id`),
  KEY `order_id` (`order_id`),
  KEY `address_id` (`address_id`)
) ENGINE=InnoDB DEFAULT CHARSET=utf8mb4 COLLATE=utf8mb4_0900_ai_ci;
/*!40101 SET character_set_client = @saved_cs_client */;

--
-- Dumping data for table `customers`
--

LOCK TABLES `customers` WRITE;
/*!40000 ALTER TABLE `customers` DISABLE KEYS */;
INSERT INTO `customers` VALUES (1,'Dino','McArley',1,'dmcarley0@vistaprint.com','1','2018-06-01'),(2,'Felizio','Olenchenko',2,'folenchenko1@google.ca','2','2018-08-07'),(3,'Adolphus','Gomer',3,'agomer2@vkontakte.ru','3','2018-09-01'),(4,'Flinn','Helstrom',4,'fhelstrom3@msu.edu','4','2018-12-26'),(5,'Krisha','Fealty',5,'kfealty4@blogtalkradio.com','5','2018-12-27'),(6,'Amble','Ingliss',6,'aingliss5@mlb.com','6','2018-07-11'),(7,'Archibold','Renad',7,'arenad6@gov.uk','7','2018-01-28'),(8,'Edmon','Ludmann',8,'eludmann7@google.fr','8','2018-05-12'),(9,'Sandor','Bellino',9,'sbellino8@army.mil','9','2018-05-04'),(10,'Kendell','Dmitriev',10,'kdmitriev9@slideshare.net','10','2018-01-19'),(11,'Chilton','Burchard',11,'cburcharda@yellowpages.com','11','2018-04-03'),(12,'Edgar','Spencock',12,'espencockb@etsy.com','12','2018-05-07'),(13,'Stanislaw','Ferrero',13,'sferreroc@zimbio.com','13','2018-05-07'),(14,'Arie','Wolfindale',14,'awolfindaled@harvard.edu','14','2018-04-26'),(15,'Cooper','Braunes',15,'cbraunese@huffingtonpost.com','15','2018-09-10'),(16,'Wain','Root',16,'wrootf@ucla.edu','16','2018-10-08'),(17,'Hubert','Covington',17,'hcovingtong@vkontakte.ru','17','2018-12-13'),(18,'Ashby','Mallett',18,'amalletth@arstechnica.com','18','2018-10-23'),(19,'Edik','Brelsford',19,'ebrelsfordi@answers.com','19','2018-03-24'),(20,'Lon','Hoovart',20,'lhoovartj@homestead.com','20','2018-09-30'),(21,'Dolf','Cousin',21,'dcousink@unicef.org','21','2018-08-29'),(22,'Will','Valencia',22,'wvalencial@over-blog.com','22','2018-09-26'),(23,'Osmond','Wing',23,'owingm@phpbb.com','23','2018-02-01'),(24,'Gradeigh','Zarfai',24,'gzarfain@google.pl','24','2018-04-15'),(25,'Husein','Ranald',25,'hranaldo@weebly.com','25','2018-07-25'),(26,'Farris','Jennison',26,'fjennisonp@macromedia.com','26','2018-01-08'),(27,'Cly','Goranov',27,'cgoranovq@ehow.com','27','2018-08-02'),(28,'Zane','Clutterbuck',28,'zclutterbuckr@clickbank.net','28','2018-06-30'),(29,'Gilburt','Burgiss',29,'gburgisss@google.de','29','2018-04-09'),(30,'Thacher','Ielden',30,'tieldent@businessweek.com','30','2018-09-10'),(31,'Kilian','Stuchbury',31,'kstuchburyu@blogs.com','31','2018-10-26'),(32,'Herculie','McAless',32,'hmcalessv@xrea.com','32','2018-03-31'),(33,'Skipper','Loch',33,'slochw@umn.edu','33','2018-12-24'),(34,'Langsdon','Gowlett',34,'lgowlettx@scientificamerican.com','34','2018-09-25'),(35,'Lukas','Josskovitz',35,'ljosskovitzy@ed.gov','35','2018-01-29'),(36,'Shermy','Biskupski',36,'sbiskupskiz@booking.com','36','2018-12-07'),(37,'Zaccaria','Sawl',37,'zsawl10@cam.ac.uk','37','2018-09-01'),(38,'Westleigh','Fenty',38,'wfenty11@yolasite.com','38','2018-07-12'),(39,'Zebulon','Sankey',39,'zsankey12@nyu.edu','39','2018-10-26'),(40,'Cosimo','Swidenbank',40,'cswidenbank13@statcounter.com','40','2018-12-28'),(41,'Hewet','Siflet',41,'hsiflet14@senate.gov','41','2018-05-04'),(42,'Hall','Barnsley',42,'hbarnsley15@java.com','42','2018-01-03'),(43,'Augustin','Ridolfi',43,'aridolfi16@paginegialle.it','43','2018-08-13'),(44,'Hilly','Purvess',44,'hpurvess17@sun.com','44','2018-04-14'),(45,'Thebault','Iacavone',45,'tiacavone18@pen.io','45','2018-07-08'),(46,'Nico','Fleis',46,'nfleis19@infoseek.co.jp','46','2018-11-05'),(47,'Bertrando','Whitmarsh',47,'bwhitmarsh1a@usgs.gov','47','2018-07-05'),(48,'Boony','Pester',48,'bpester1b@reverbnation.com','48','2018-11-27'),(49,'Rafaello','Szimoni',49,'rszimoni1c@php.net','49','2018-08-04'),(50,'Adolf','Beevens',50,'abeevens1d@vistaprint.com','50','2018-10-20'),(51,'Pieter','Postin',51,'ppostin1e@engadget.com','51','2018-11-13'),(52,'Garrett','Awcoate',52,'gawcoate1f@bloglines.com','52','2018-08-12'),(53,'Michail','Conman',53,'mconman1g@un.org','53','2018-06-01'),(54,'Wain','Roncelli',54,'wroncelli1h@army.mil','54','2018-11-26'),(55,'Delano','Mablestone',55,'dmablestone1i@blinklist.com','55','2018-04-15'),(56,'Theodore','Daens',56,'tdaens1j@patch.com','56','2018-07-02'),(57,'Ibrahim','Barlie',57,'ibarlie1k@ovh.net','57','2018-12-12'),(58,'Victoir','Lightbourne',58,'vlightbourne1l@google.com','58','2018-10-20'),(59,'Karney','Titchmarsh',59,'ktitchmarsh1m@bing.com','59','2018-09-25'),(60,'Panchito','Kingh',60,'pkingh1n@gizmodo.com','60','2018-03-01'),(61,'Layton','Ruxton',61,'lruxton1o@artisteer.com','61','2018-02-07'),(62,'Giorgio','Saberton',62,'gsaberton1p@jimdo.com','62','2018-05-26'),(63,'Antone','Kirckman',63,'akirckman1q@simplemachines.org','63','2018-11-07'),(64,'Rochester','Cornford',64,'rcornford1r@ebay.co.uk','64','2018-08-07'),(65,'Eugenius','Foxley',65,'efoxley1s@statcounter.com','65','2018-01-01'),(66,'Bank','Offin',66,'boffin1t@state.gov','66','2018-06-29'),(67,'Heywood','Kohrs',67,'hkohrs1u@biblegateway.com','67','2018-01-07'),(68,'Pebrook','Dimitru',68,'pdimitru1v@columbia.edu','68','2018-07-24'),(69,'Mannie','Wallege',69,'mwallege1w@state.tx.us','69','2018-11-26'),(70,'Dar','Ollerearnshaw',70,'dollerearnshaw1x@acquirethisname.com','70','2018-05-30'),(71,'Kin','Plank',71,'kplank1y@photobucket.com','71','2018-07-24'),(72,'Carney','Rabbage',72,'crabbage1z@cmu.edu','72','2018-09-02'),(73,'Kelvin','Gillet',73,'kgillet20@devhub.com','73','2018-01-18'),(74,'Hube','Arnaudot',74,'harnaudot21@ocn.ne.jp','74','2018-12-13'),(75,'Beck','Stockhill',75,'bstockhill22@hud.gov','75','2018-03-04'),(76,'Yorgos','Faux',76,'yfaux23@arstechnica.com','76','2018-09-28'),(77,'Wade','Verden',77,'wverden24@hibu.com','77','2018-02-05'),(78,'Stanton','Dafydd',78,'sdafydd25@usatoday.com','78','2018-09-10'),(79,'Byrom','Fessby',79,'bfessby26@ted.com','79','2018-08-12'),(80,'Bradan','Dumbleton',80,'bdumbleton27@so-net.ne.jp','80','2018-09-02'),(81,'Wyatt','Course',81,'wcourse28@squarespace.com','81','2018-01-03'),(82,'Newton','McNelis',82,'nmcnelis29@drupal.org','82','2018-01-06'),(83,'Shem','Toop',83,'stoop2a@newyorker.com','83','2018-11-27'),(84,'Stillman','Blackway',84,'sblackway2b@ox.ac.uk','84','2018-10-27'),(85,'Boycey','Layborn',85,'blayborn2c@joomla.org','85','2018-01-27'),(86,'Hobard','Yandle',86,'hyandle2d@si.edu','86','2018-02-21'),(87,'Magnum','Berth',87,'mberth2e@discuz.net','87','2018-09-20'),(88,'Todd','Gislebert',88,'tgislebert2f@virginia.edu','88','2018-10-07'),(89,'Marven','Glyn',89,'mglyn2g@aol.com','89','2018-06-03'),(90,'Ase','Oake',90,'aoake2h@sina.com.cn','90','2018-05-15'),(91,'Donal','Worrall',91,'dworrall2i@instagram.com','91','2018-04-26'),(92,'Giacobo','Humpatch',92,'ghumpatch2j@virginia.edu','92','2018-08-02'),(93,'Araldo','Dymick',93,'adymick2k@ox.ac.uk','93','2018-07-12'),(94,'Grannie','Wiburn',94,'gwiburn2l@flavors.me','94','2018-12-26'),(95,'Irving','Rime',95,'irime2m@hostgator.com','95','2018-11-13'),(96,'Jerad','Newcome',96,'jnewcome2n@amazonaws.com','96','2018-10-22'),(97,'Norbie','Ormiston',97,'normiston2o@dailymotion.com','97','2018-01-18'),(98,'Lenard','O\'Keeffe',98,'lokeeffe2p@ask.com','98','2018-04-19'),(99,'Eldridge','Caustic',99,'ecaustic2q@cocolog-nifty.com','99','2018-02-02'),(100,'Ogdan','Kemson',100,'okemson2r@nationalgeographic.com','100','2018-01-03'),(101,'North','Fatscher',101,'nfatscher2s@youku.com','101','2018-07-27'),(102,'Renaldo','Chadd',102,'rchadd2t@bbc.co.uk','102','2018-06-01'),(103,'Kaleb','Godly',103,'kgodly2u@hostgator.com','103','2018-03-11'),(104,'Arel','Attwooll',104,'aattwooll2v@guardian.co.uk','104','2018-01-29'),(105,'Web','Habert',105,'whabert2w@sogou.com','105','2018-11-29'),(106,'Ralph','Clemenza',106,'rclemenza2x@surveymonkey.com','106','2018-10-31'),(107,'Lewes','Caddy',107,'lcaddy2y@purevolume.com','107','2018-11-22'),(108,'Pauly','Warn',108,'pwarn2z@ebay.co.uk','108','2018-03-01'),(109,'Lawton','Wimbridge',109,'lwimbridge30@vk.com','109','2018-12-08'),(110,'Rollin','Negal',110,'rnegal31@angelfire.com','110','2018-07-07'),(111,'Germain','Wetherald',111,'gwetherald32@umich.edu','111','2018-04-06'),(112,'Leonidas','Dabourne',112,'ldabourne33@reverbnation.com','112','2018-01-07'),(113,'Kerry','Boldock',113,'kboldock34@discovery.com','113','2018-05-05'),(114,'Shalom','Meletti',114,'smeletti35@over-blog.com','114','2018-10-29'),(115,'Erik','Drewell',115,'edrewell36@ning.com','115','2018-07-27'),(116,'Courtney','Tweede',116,'ctweede37@noaa.gov','116','2018-03-13'),(117,'Tadeas','Piggford',117,'tpiggford38@latimes.com','117','2018-10-17'),(118,'Vail','Le Estut',118,'vleestut39@hhs.gov','118','2018-04-04'),(119,'Derk','Meric',119,'dmeric3a@ftc.gov','119','2018-12-09'),(120,'Trever','Connikie',120,'tconnikie3b@ucla.edu','120','2018-01-20'),(121,'Arlan','L\'Episcopio',121,'alepiscopio3c@ibm.com','121','2018-03-21'),(122,'Odie','Magnar',122,'omagnar3d@oaic.gov.au','122','2018-09-15'),(123,'Humphrey','Strelitzki',123,'hstrelitzki3e@vimeo.com','123','2018-09-10'),(124,'Rogerio','Janaud',124,'rjanaud3f@google.de','124','2018-01-31'),(125,'Vincent','Dunster',125,'vdunster3g@spotify.com','125','2018-08-27'),(126,'Marc','Duer',126,'mduer3h@salon.com','126','2018-07-23'),(127,'Ximenez','Gullan',127,'xgullan3i@comsenz.com','127','2018-12-04'),(128,'Ludovico','Hadgraft',128,'lhadgraft3j@earthlink.net','128','2018-03-05'),(129,'Hamlin','Boake',129,'hboake3k@alexa.com','129','2018-07-10'),(130,'Shannon','Cranson',130,'scranson3l@umn.edu','130','2018-01-22'),(131,'Royal','Grim',131,'rgrim3m@diigo.com','131','2018-09-11'),(132,'Joshua','Brittoner',132,'jbrittoner3n@bloomberg.com','132','2018-04-30'),(133,'Archie','Counihan',133,'acounihan3o@360.cn','133','2018-06-24'),(134,'Jan','Tenby',134,'jtenby3p@4shared.com','134','2018-06-08'),(135,'Hillard','Bohin',135,'hbohin3q@google.com.au','135','2018-12-19'),(136,'Oliver','Spaduzza',136,'ospaduzza3r@xing.com','136','2018-01-09'),(137,'Portie','Melloi',137,'pmelloi3s@ca.gov','137','2018-02-14'),(138,'Randell','Rumble',138,'rrumble3t@odnoklassniki.ru','138','2018-01-24'),(139,'Free','Ward',139,'fward3u@sciencedirect.com','139','2018-08-11'),(140,'Frankie','Giorgetti',140,'fgiorgetti3v@disqus.com','140','2018-08-23'),(141,'Meade','Quaif',141,'mquaif3w@china.com.cn','141','2018-09-14'),(142,'Moe','Darridon',142,'mdarridon3x@google.nl','142','2018-05-29'),(143,'Aubrey','Beaty',143,'abeaty3y@360.cn','143','2018-07-15'),(144,'Nev','Barnwall',144,'nbarnwall3z@sina.com.cn','144','2018-07-23'),(145,'Zaccaria','Mc Queen',145,'zmcqueen40@kickstarter.com','145','2018-08-01'),(146,'Flemming','MacSween',146,'fmacsween41@webs.com','146','2018-11-30'),(147,'Myles','McCowen',147,'mmccowen42@usda.gov','147','2018-09-14'),(148,'Eugene','Janata',148,'ejanata43@addthis.com','148','2018-12-18'),(149,'Nolly','Slatcher',149,'nslatcher44@biglobe.ne.jp','149','2018-07-04'),(150,'Nil','O\'Keevan',150,'nokeevan45@wordpress.com','150','2018-11-08'),(151,'Grant','Killigrew',151,'gkilligrew46@ask.com','151','2018-11-27'),(152,'Durward','Dennehy',152,'ddennehy47@ycombinator.com','152','2018-11-06'),(153,'Skipton','Thackeray',153,'sthackeray48@gmpg.org','153','2018-08-09'),(154,'Christos','Nadin',154,'cnadin49@bigcartel.com','154','2018-02-17'),(155,'Thain','Crookston',155,'tcrookston4a@bloglines.com','155','2018-03-03'),(156,'Zeb','Toomey',156,'ztoomey4b@japanpost.jp','156','2018-12-16'),(157,'Mikael','Milliere',157,'mmilliere4c@walmart.com','157','2018-02-26'),(158,'Chancey','Meigh',158,'cmeigh4d@nytimes.com','158','2018-07-04'),(159,'Julius','Scrowby',159,'jscrowby4e@freewebs.com','159','2018-02-20'),(160,'Clywd','Matyatin',160,'cmatyatin4f@pen.io','160','2018-04-09'),(161,'Skipp','Bernholt',161,'sbernholt4g@stanford.edu','161','2018-09-11'),(162,'Farlie','Paulich',162,'fpaulich4h@joomla.org','162','2018-06-18'),(163,'Pietrek','O\'Shavlan',163,'poshavlan4i@angelfire.com','163','2018-08-14'),(164,'Bryanty','Kahane',164,'bkahane4j@wisc.edu','164','2018-06-29'),(165,'Clywd','Klishin',165,'cklishin4k@huffingtonpost.com','165','2018-10-13'),(166,'Ulberto','Carrier',166,'ucarrier4l@creativecommons.org','166','2018-02-01'),(167,'Inness','Harston',167,'iharston4m@washingtonpost.com','167','2018-02-12'),(168,'Ciro','Greber',168,'cgreber4n@51.la','168','2018-11-25'),(169,'Giulio','Cramp',169,'gcramp4o@unc.edu','169','2018-12-23'),(170,'Ansell','Byrnes',170,'abyrnes4p@last.fm','170','2018-10-28'),(171,'Jarrid','Tetla',171,'jtetla4q@narod.ru','171','2018-01-02'),(172,'Gregor','Sawl',172,'gsawl4r@yellowpages.com','172','2018-09-02'),(173,'Marvin','Power',173,'mpower4s@rakuten.co.jp','173','2018-05-31'),(174,'Borg','Geill',174,'bgeill4t@webnode.com','174','2018-12-24'),(175,'Leon','Villa',175,'lvilla4u@ucla.edu','175','2018-02-03'),(176,'Henderson','Krikorian',176,'hkrikorian4v@furl.net','176','2018-03-16'),(177,'Farr','Russ',177,'fruss4w@google.com.br','177','2018-02-15'),(178,'Alfonse','Pabst',178,'apabst4x@nih.gov','178','2018-12-02'),(179,'Cortie','Issakov',179,'cissakov4y@mapy.cz','179','2018-10-29'),(180,'Esdras','Tees',180,'etees4z@samsung.com','180','2018-07-10'),(181,'Charley','Westerman',181,'cwesterman50@skyrock.com','181','2018-03-20'),(182,'Adrian','Ellams',182,'aellams51@illinois.edu','182','2018-02-12'),(183,'Raoul','Cordingly',183,'rcordingly52@ocn.ne.jp','183','2018-09-21'),(184,'Murry','Flattman',184,'mflattman53@ustream.tv','184','2018-06-12'),(185,'Braden','Stiller',185,'bstiller54@ftc.gov','185','2018-07-30'),(186,'Rodrigo','Sammonds',186,'rsammonds55@desdev.cn','186','2018-12-20'),(187,'Ennis','Brevitt',187,'ebrevitt56@aol.com','187','2018-08-20'),(188,'Isacco','Kiossel',188,'ikiossel57@devhub.com','188','2018-05-22'),(189,'Man','Blant',189,'mblant58@purevolume.com','189','2018-06-09'),(190,'Homere','Shuttle',190,'hshuttle59@cnn.com','190','2018-05-27'),(191,'Pepillo','Dobinson',191,'pdobinson5a@dion.ne.jp','191','2018-08-31'),(192,'Kenton','Middis',192,'kmiddis5b@springer.com','192','2018-11-30'),(193,'Orlando','Baddeley',193,'obaddeley5c@chronoengine.com','193','2018-04-07'),(194,'Udall','Himsworth',194,'uhimsworth5d@vistaprint.com','194','2018-04-16'),(195,'Anderson','Gadd',195,'agadd5e@ucla.edu','195','2018-04-26'),(196,'Nikolaos','Barke',196,'nbarke5f@dedecms.com','196','2018-03-17'),(197,'Theo','Koeppke',197,'tkoeppke5g@ted.com','197','2018-02-12'),(198,'Chrisy','Eyrl',198,'ceyrl5h@statcounter.com','198','2018-03-08'),(199,'Townsend','Gerlts',199,'tgerlts5i@networkadvertising.org','199','2018-03-05'),(200,'Tadd','Reidshaw',200,'treidshaw5j@reuters.com','200','2018-01-13'),(201,'Bax','Ingham',201,'bingham5k@wufoo.com','201','2018-03-19'),(202,'Bradley','Richardt',202,'brichardt5l@delicious.com','202','2018-04-02'),(203,'Cedric','Lackeye',203,'clackeye5m@vinaora.com','203','2018-10-28'),(204,'Jaime','Finey',204,'jfiney5n@apple.com','204','2018-07-18'),(205,'Willis','Baxill',205,'wbaxill5o@ning.com','205','2018-11-16'),(206,'Sly','Ripper',206,'sripper5p@usnews.com','206','2018-08-05'),(207,'Bryanty','Metham',207,'bmetham5q@weather.com','207','2018-06-24'),(208,'Gauthier','Robb',208,'grobb5r@goo.ne.jp','208','2018-03-21'),(209,'Godard','Kettle',209,'gkettle5s@yahoo.co.jp','209','2018-03-25'),(210,'Skyler','O\'Farrell',210,'sofarrell5t@nps.gov','210','2018-05-23'),(211,'Garret','Goodwin',211,'ggoodwin5u@biblegateway.com','211','2018-05-21'),(212,'Osmund','Relf',212,'orelf5v@aboutads.info','212','2018-02-10'),(213,'Frazer','Beckinsall',213,'fbeckinsall5w@hubpages.com','213','2018-05-07'),(214,'Maurizio','Kincey',214,'mkincey5x@gnu.org','214','2018-02-08'),(215,'Ryley','Offner',215,'roffner5y@gmpg.org','215','2018-05-30'),(216,'Jarib','Meads',216,'jmeads5z@senate.gov','216','2018-02-26'),(217,'Tiebold','Ledram',217,'tledram60@myspace.com','217','2018-02-03'),(218,'Ruben','Comport',218,'rcomport61@soup.io','218','2018-10-26'),(219,'Tobias','Fullun',219,'tfullun62@linkedin.com','219','2018-09-20'),(220,'Rouvin','Kayzer',220,'rkayzer63@hao123.com','220','2018-08-17'),(221,'Wynn','Love',221,'wlove64@netlog.com','221','2018-01-18'),(222,'Gib','Brecknell',222,'gbrecknell65@chron.com','222','2018-07-02'),(223,'D\'arcy','Aiskrigg',223,'daiskrigg66@homestead.com','223','2018-03-22'),(224,'Brendan','Delafoy',224,'bdelafoy67@networksolutions.com','224','2018-10-16'),(225,'Neddie','Sollowaye',225,'nsollowaye68@elegantthemes.com','225','2018-06-04'),(226,'Kingsley','Ivanikhin',226,'kivanikhin69@cdbaby.com','226','2018-06-17'),(227,'Lucien','Muckersie',227,'lmuckersie6a@infoseek.co.jp','227','2018-05-14'),(228,'Frants','Hammersley',228,'fhammersley6b@nbcnews.com','228','2018-09-12'),(229,'Vic','Proughten',229,'vproughten6c@behance.net','229','2018-08-26'),(230,'Payton','Matisse',230,'pmatisse6d@goodreads.com','230','2018-02-24'),(231,'Karim','Fernant',231,'kfernant6e@hatena.ne.jp','231','2018-11-09'),(232,'Aube','Tincombe',232,'atincombe6f@irs.gov','232','2018-09-29'),(233,'Aldric','Fairlie',233,'afairlie6g@ocn.ne.jp','233','2018-07-14'),(234,'Karlis','Auchterlony',234,'kauchterlony6h@godaddy.com','234','2018-03-13'),(235,'Lowe','Curley',235,'lcurley6i@printfriendly.com','235','2018-08-31'),(236,'Syman','Giaomozzo',236,'sgiaomozzo6j@reference.com','236','2018-12-15'),(237,'Alasdair','Bickardike',237,'abickardike6k@hp.com','237','2018-10-11'),(238,'Ebeneser','Bech',238,'ebech6l@barnesandnoble.com','238','2018-04-09'),(239,'Judah','Brunsdon',239,'jbrunsdon6m@shinystat.com','239','2018-05-03'),(240,'Kristoforo','Vasenkov',240,'kvasenkov6n@theatlantic.com','240','2018-09-21'),(241,'Nicola','Stuffins',241,'nstuffins6o@independent.co.uk','241','2018-08-31'),(242,'Humbert','Hamper',242,'hhamper6p@omniture.com','242','2018-08-30'),(243,'Kennan','Spiers',243,'kspiers6q@booking.com','243','2018-03-05'),(244,'Felipe','Martland',244,'fmartland6r@elpais.com','244','2018-08-14'),(245,'Augy','Bristow',245,'abristow6s@purevolume.com','245','2018-08-21'),(246,'Roosevelt','Winterbottom',246,'rwinterbottom6t@sakura.ne.jp','246','2018-05-01'),(247,'Glyn','Chipp',247,'gchipp6u@cmu.edu','247','2018-11-28'),(248,'Barty','Segeswoeth',248,'bsegeswoeth6v@yolasite.com','248','2018-11-20'),(249,'Randell','Seargeant',249,'rseargeant6w@sitemeter.com','249','2018-03-01'),(250,'Terence','Shevill',250,'tshevill6x@unc.edu','250','2018-03-10'),(251,'Klaus','Milland',251,'kmilland6y@yelp.com','251','2018-08-13'),(252,'Tremain','Manwaring',252,'tmanwaring6z@unblog.fr','252','2018-08-19'),(253,'Hoyt','Oke',253,'hoke70@jugem.jp','253','2018-08-10'),(254,'Patin','Sallier',254,'psallier71@twitter.com','254','2018-03-16'),(255,'Baxter','Creeboe',255,'bcreeboe72@bbc.co.uk','255','2018-01-26'),(256,'Orrin','Schreiner',256,'oschreiner73@merriam-webster.com','256','2018-06-05'),(257,'Thorpe','Creese',257,'tcreese74@reddit.com','257','2018-06-14'),(258,'Nicolais','Catterell',258,'ncatterell75@uol.com.br','258','2018-04-15'),(259,'Barnabe','Jessup',259,'bjessup76@xinhuanet.com','259','2018-03-29'),(260,'Gerek','Trowill',260,'gtrowill77@behance.net','260','2018-06-05'),(261,'Otis','Langelaan',261,'olangelaan78@cbc.ca','261','2018-02-25'),(262,'Martin','Rodgerson',262,'mrodgerson79@si.edu','262','2018-07-25'),(263,'Lionel','Funnell',263,'lfunnell7a@wix.com','263','2018-02-18'),(264,'Tades','Speight',264,'tspeight7b@newyorker.com','264','2018-05-16'),(265,'Percy','Ewols',265,'pewols7c@businessweek.com','265','2018-12-05'),(266,'Gery','Shimon',266,'gshimon7d@ucla.edu','266','2018-06-01'),(267,'Natty','O\' Donohue',267,'nodonohue7e@cdc.gov','267','2018-03-06'),(268,'Perren','McMenamie',268,'pmcmenamie7f@harvard.edu','268','2018-12-02'),(269,'Pebrook','Gaye',269,'pgaye7g@trellian.com','269','2018-12-19'),(270,'Roddy','Abthorpe',270,'rabthorpe7h@tamu.edu','270','2018-06-07'),(271,'Dana','Tonepohl',271,'dtonepohl7i@deviantart.com','271','2018-08-10'),(272,'Giffie','Cancellario',272,'gcancellario7j@psu.edu','272','2018-12-07'),(273,'Hollis','Margiotta',273,'hmargiotta7k@cpanel.net','273','2018-08-11'),(274,'Roarke','Chataignier',274,'rchataignier7l@squidoo.com','274','2018-04-22'),(275,'Wendall','Courtin',275,'wcourtin7m@elegantthemes.com','275','2018-01-28'),(276,'Sly','Dawidowicz',276,'sdawidowicz7n@apache.org','276','2018-08-20'),(277,'Kendricks','Swinburn',277,'kswinburn7o@amazon.de','277','2018-08-18'),(278,'Waylen','Traviss',278,'wtraviss7p@scientificamerican.com','278','2018-04-11'),(279,'Piggy','Attenburrow',279,'pattenburrow7q@mail.ru','279','2018-10-23'),(280,'Morley','Washbrook',280,'mwashbrook7r@amazon.co.uk','280','2018-05-28'),(281,'Witty','Burnie',281,'wburnie7s@blogs.com','281','2018-06-08'),(282,'Prince','Lesmonde',282,'plesmonde7t@themeforest.net','282','2018-07-20'),(283,'Dana','Garm',283,'dgarm7u@upenn.edu','283','2018-01-10'),(284,'Scottie','Hattrick',284,'shattrick7v@columbia.edu','284','2018-09-10'),(285,'Mateo','Blatherwick',285,'mblatherwick7w@homestead.com','285','2018-05-14'),(286,'Rog','Joskowitz',286,'rjoskowitz7x@e-recht24.de','286','2018-12-24'),(287,'Garrard','Morteo',287,'gmorteo7y@statcounter.com','287','2018-02-26'),(288,'Radcliffe','Totaro',288,'rtotaro7z@pinterest.com','288','2018-09-15'),(289,'Gerek','Smitherman',289,'gsmitherman80@myspace.com','289','2018-11-04'),(290,'Edgard','Le Barre',290,'elebarre81@multiply.com','290','2018-05-06'),(291,'Jimmy','Gilby',291,'jgilby82@live.com','291','2018-04-03'),(292,'Rudolf','Jurczik',292,'rjurczik83@microsoft.com','292','2018-11-11'),(293,'Walker','Dahlberg',293,'wdahlberg84@stumbleupon.com','293','2018-11-18'),(294,'Gabby','Killock',294,'gkillock85@columbia.edu','294','2018-10-11'),(295,'Rochester','Steuhlmeyer',295,'rsteuhlmeyer86@hc360.com','295','2018-03-23'),(296,'Osmund','Gold',296,'ogold87@msu.edu','296','2018-11-08'),(297,'Delmer','Syfax',297,'dsyfax88@goo.ne.jp','297','2018-01-04'),(298,'Raleigh','Mosey',298,'rmosey89@lycos.com','298','2018-04-07'),(299,'Maurice','Eisak',299,'meisak8a@reverbnation.com','299','2018-10-25'),(300,'Kaine','Jacmar',300,'kjacmar8b@ustream.tv','300','2018-07-20'),(301,'Timmy','Lowth',301,'tlowth8c@economist.com','301','2018-07-19'),(302,'Dario','Valsler',302,'dvalsler8d@tumblr.com','302','2018-03-28'),(303,'Percy','MacClancey',303,'pmacclancey8e@ed.gov','303','2018-01-07'),(304,'Esteban','Narey',304,'enarey8f@qq.com','304','2018-09-27'),(305,'Crosby','Antosch',305,'cantosch8g@gizmodo.com','305','2018-12-29'),(306,'Ibrahim','Peever',306,'ipeever8h@squarespace.com','306','2018-09-07'),(307,'Stevy','Peal',307,'speal8i@webeden.co.uk','307','2018-06-05'),(308,'Chase','Burgan',308,'cburgan8j@amazonaws.com','308','2018-02-15'),(309,'Skipton','Leger',309,'sleger8k@nbcnews.com','309','2018-05-24'),(310,'Der','Yesipov',310,'dyesipov8l@tmall.com','310','2018-12-31'),(311,'Emmerich','Beauchop',311,'ebeauchop8m@ask.com','311','2018-04-02'),(312,'Jermain','Jelphs',312,'jjelphs8n@csmonitor.com','312','2018-10-26'),(313,'Kendell','Dabrowski',313,'kdabrowski8o@t-online.de','313','2018-01-01'),(314,'Carolus','Costelow',314,'ccostelow8p@i2i.jp','314','2018-07-08'),(315,'Algernon','Delatour',315,'adelatour8q@jimdo.com','315','2018-12-10'),(316,'Piggy','Snoxill',316,'psnoxill8r@infoseek.co.jp','316','2018-06-05'),(317,'Lind','Muggleston',317,'lmuggleston8s@ustream.tv','317','2018-10-31'),(318,'Ettore','Somerville',318,'esomerville8t@usnews.com','318','2018-02-23'),(319,'Mervin','Andrasch',319,'mandrasch8u@wikia.com','319','2018-12-15'),(320,'Hashim','Andryszczak',320,'handryszczak8v@pbs.org','320','2018-06-02'),(321,'Base','Malkin',321,'bmalkin8w@mac.com','321','2018-08-23'),(322,'Granger','Rumbellow',322,'grumbellow8x@tinypic.com','322','2018-09-24'),(323,'Desmund','Gouth',323,'dgouth8y@people.com.cn','323','2018-11-15'),(324,'Maurise','Loram',324,'mloram8z@newyorker.com','324','2018-02-11'),(325,'Berton','Grimsell',325,'bgrimsell90@ted.com','325','2018-11-21'),(326,'Frants','Glennon',326,'fglennon91@answers.com','326','2018-08-18'),(327,'Johann','Ankers',327,'jankers92@wunderground.com','327','2018-06-19'),(328,'Jayme','Palfree',328,'jpalfree93@yelp.com','328','2018-08-02'),(329,'Jamal','Cheyne',329,'jcheyne94@xing.com','329','2018-02-16'),(330,'Gaston','Sewill',330,'gsewill95@forbes.com','330','2018-04-26'),(331,'Ringo','Ouslem',331,'rouslem96@soundcloud.com','331','2018-08-19'),(332,'Sigvard','Rutherfoord',332,'srutherfoord97@npr.org','332','2018-06-01'),(333,'Gawain','Skeene',333,'gskeene98@163.com','333','2018-09-14'),(334,'Massimo','Geach',334,'mgeach99@arizona.edu','334','2018-08-11'),(335,'Ludovico','Kears',335,'lkears9a@linkedin.com','335','2018-09-30'),(336,'Wyndham','Dany',336,'wdany9b@trellian.com','336','2018-12-20'),(337,'Cal','Midgely',337,'cmidgely9c@chronoengine.com','337','2018-05-08'),(338,'Vincents','St Clair',338,'vstclair9d@theguardian.com','338','2018-05-16'),(339,'Anthony','Eidelman',339,'aeidelman9e@ycombinator.com','339','2018-04-04'),(340,'Glynn','Lammert',340,'glammert9f@engadget.com','340','2018-12-12'),(341,'Bobby','Blakeney',341,'bblakeney9g@deviantart.com','341','2018-04-02'),(342,'Clement','Lefever',342,'clefever9h@linkedin.com','342','2018-02-03'),(343,'Rodney','Glandfield',343,'rglandfield9i@cyberchimps.com','343','2018-10-15'),(344,'Bruno','Gerrish',344,'bgerrish9j@tmall.com','344','2018-10-02'),(345,'Derril','Hrinishin',345,'dhrinishin9k@ucoz.ru','345','2018-09-27'),(346,'Delmor','Taree',346,'dtaree9l@elpais.com','346','2018-01-19'),(347,'Torrence','Gjerde',347,'tgjerde9m@theglobeandmail.com','347','2018-07-25'),(348,'Renado','Ramsay',348,'rramsay9n@home.pl','348','2018-04-14'),(349,'Ozzie','Havesides',349,'ohavesides9o@purevolume.com','349','2018-12-12'),(350,'Geno','Gerner',350,'ggerner9p@sciencedirect.com','350','2018-07-16'),(351,'Brennan','Hentze',351,'bhentze9q@studiopress.com','351','2018-03-17'),(352,'Hammad','Jeffers',352,'hjeffers9r@tmall.com','352','2018-08-04'),(353,'Alfredo','Downage',353,'adownage9s@clickbank.net','353','2018-04-06'),(354,'Shannan','Faulkes',354,'sfaulkes9t@indiatimes.com','354','2018-02-13'),(355,'Rikki','Devonshire',355,'rdevonshire9u@ebay.co.uk','355','2018-03-26'),(356,'Jamie','Currell',356,'jcurrell9v@cbsnews.com','356','2018-12-16'),(357,'Mason','Gives',357,'mgives9w@godaddy.com','357','2018-05-11'),(358,'Rudy','Calderwood',358,'rcalderwood9x@newsvine.com','358','2018-03-01'),(359,'Kane','Shillitto',359,'kshillitto9y@google.com.hk','359','2018-04-23'),(360,'Sterne','Birkmyr',360,'sbirkmyr9z@163.com','360','2018-05-24'),(361,'Dunc','Benettelli',361,'dbenettellia0@nih.gov','361','2018-09-28'),(362,'Somerset','Maraga',362,'smaragaa1@ox.ac.uk','362','2018-01-30'),(363,'Morris','Sutcliff',363,'msutcliffa2@independent.co.uk','363','2018-04-05'),(364,'Gery','Petrillo',364,'gpetrilloa3@ustream.tv','364','2018-01-03'),(365,'Ellwood','Bloodworth',365,'ebloodwortha4@addthis.com','365','2018-06-26'),(366,'Gregoor','Glowach',366,'gglowacha5@mac.com','366','2018-09-12'),(367,'Hiram','Mate',367,'hmatea6@ibm.com','367','2018-06-11'),(368,'Olenolin','Kleinsinger',368,'okleinsingera7@webmd.com','368','2018-08-29'),(369,'Lovell','Espinha',369,'lespinhaa8@godaddy.com','369','2018-02-18'),(370,'Bo','Groundwator',370,'bgroundwatora9@xrea.com','370','2018-11-13'),(371,'Georgy','Bidder',371,'gbidderaa@smugmug.com','371','2018-07-27'),(372,'Colet','Pires',372,'cpiresab@engadget.com','372','2018-08-21'),(373,'Torrey','Bannister',373,'tbannisterac@boston.com','373','2018-05-03'),(374,'Byrann','Brislane',374,'bbrislanead@miibeian.gov.cn','374','2018-08-10'),(375,'Brantley','Skews',375,'bskewsae@intel.com','375','2018-09-26'),(376,'Farleigh','Simondson',376,'fsimondsonaf@slate.com','376','2018-06-06'),(377,'Eadmund','Fernley',377,'efernleyag@is.gd','377','2018-05-22'),(378,'Cobby','Livsey',378,'clivseyah@loc.gov','378','2018-01-29'),(379,'Bennie','Primett',379,'bprimettai@over-blog.com','379','2018-02-18'),(380,'Doug','Old',380,'doldaj@netvibes.com','380','2018-11-12'),(381,'Chrissie','Cumberledge',381,'ccumberledgeak@dot.gov','381','2018-06-29'),(382,'Cristian','Cadalleder',382,'ccadallederal@harvard.edu','382','2018-09-10'),(383,'Ciro','Suddick',383,'csuddickam@yahoo.co.jp','383','2018-08-18'),(384,'Raddie','Blest',384,'rblestan@tinyurl.com','384','2018-04-13'),(385,'Quentin','Oates',385,'qoatesao@epa.gov','385','2018-02-24'),(386,'Dennet','Gooch',386,'dgoochap@statcounter.com','386','2018-03-05'),(387,'Clarence','Rushton',387,'crushtonaq@wordpress.org','387','2018-04-14'),(388,'Caddric','Stoate',388,'cstoatear@123-reg.co.uk','388','2018-10-07'),(389,'Benedikt','Boyde',389,'bboydeas@fastcompany.com','389','2018-11-12'),(390,'Ced','Delepine',390,'cdelepineat@sfgate.com','390','2018-12-14'),(391,'Micky','Livesey',391,'mliveseyau@i2i.jp','391','2018-07-24'),(392,'Ambros','Oakton',392,'aoaktonav@blogspot.com','392','2018-03-24'),(393,'Fabiano','Polack',393,'fpolackaw@feedburner.com','393','2018-04-06'),(394,'Kelsey','Radborne',394,'kradborneax@sina.com.cn','394','2018-04-04'),(395,'Shalom','Stoll',395,'sstollay@ifeng.com','395','2018-11-17'),(396,'Derrick','Millin',396,'dmillinaz@desdev.cn','396','2018-06-03'),(397,'Robinet','O\'Lyhane',397,'rolyhaneb0@epa.gov','397','2018-12-02'),(398,'Hartley','Ronaldson',398,'hronaldsonb1@reddit.com','398','2018-06-30'),(399,'Rancell','McNamee',399,'rmcnameeb2@nasa.gov','399','2018-08-22'),(400,'Nilson','Earles',400,'nearlesb3@yandex.ru','400','2018-09-05'),(401,'Alvis','Ronchi',401,'aronchib4@imageshack.us','401','2018-10-23'),(402,'Elton','Cray',402,'ecrayb5@indiatimes.com','402','2018-05-16'),(403,'Seymour','Meneyer',403,'smeneyerb6@webeden.co.uk','403','2018-02-07'),(404,'Georgi','Grayham',404,'ggrayhamb7@phoca.cz','404','2018-08-14'),(405,'Orson','Paddison',405,'opaddisonb8@ibm.com','405','2018-04-08'),(406,'Alford','Amiable',406,'aamiableb9@wordpress.com','406','2018-01-31'),(407,'Sebastian','Drayton',407,'sdraytonba@buzzfeed.com','407','2018-10-25'),(408,'Goober','Newling',408,'gnewlingbb@goo.ne.jp','408','2018-04-16'),(409,'Ellwood','Abella',409,'eabellabc@dyndns.org','409','2018-01-09'),(410,'Fabe','Ogley',410,'fogleybd@home.pl','410','2018-11-13'),(411,'Damien','Fermer',411,'dfermerbe@ucla.edu','411','2018-12-16'),(412,'Davie','Midson',412,'dmidsonbf@time.com','412','2018-04-10'),(413,'Court','Gamlin',413,'cgamlinbg@people.com.cn','413','2018-10-09'),(414,'Matthiew','Blackster',414,'mblacksterbh@squarespace.com','414','2018-12-08'),(415,'Farley','Kyteley',415,'fkyteleybi@bloglovin.com','415','2018-08-29'),(416,'Caryl','Prayer',416,'cprayerbj@economist.com','416','2018-10-05'),(417,'Nester','Hallad',417,'nhalladbk@google.com.au','417','2018-11-12'),(418,'Oren','Duckels',418,'oduckelsbl@zimbio.com','418','2018-04-22'),(419,'Hashim','Bodemeaid',419,'hbodemeaidbm@blogger.com','419','2018-08-30'),(420,'Gabi','Mordy',420,'gmordybn@narod.ru','420','2018-08-20'),(421,'Brig','Jeaycock',421,'bjeaycockbo@1und1.de','421','2018-07-25'),(422,'Myca','Cossor',422,'mcossorbp@google.cn','422','2018-07-01'),(423,'Anatollo','Bindley',423,'abindleybq@free.fr','423','2018-07-30'),(424,'Freddie','Artindale',424,'fartindalebr@stanford.edu','424','2018-01-01'),(425,'Jakob','Oret',425,'joretbs@mozilla.com','425','2018-09-18'),(426,'Jabez','Iacovo',426,'jiacovobt@dell.com','426','2018-08-13'),(427,'Edd','Eccleston',427,'eecclestonbu@google.it','427','2018-09-16'),(428,'Thorndike','Verzey',428,'tverzeybv@uol.com.br','428','2018-06-21'),(429,'Benny','Job',429,'bjobbw@ameblo.jp','429','2018-07-28'),(430,'Renaud','Weedon',430,'rweedonbx@pinterest.com','430','2018-04-30'),(431,'Corbet','Reese',431,'creeseby@youtube.com','431','2018-10-22'),(432,'Filmer','Sears',432,'fsearsbz@microsoft.com','432','2018-07-18'),(433,'Decca','Slesser',433,'dslesserc0@dyndns.org','433','2018-11-01'),(434,'Dillie','Hegg',434,'dheggc1@instagram.com','434','2018-02-07'),(435,'Yardley','Chupin',435,'ychupinc2@shareasale.com','435','2018-07-25'),(436,'Mervin','McElane',436,'mmcelanec3@japanpost.jp','436','2018-08-17'),(437,'Paddie','Poizer',437,'ppoizerc4@wordpress.com','437','2018-01-12'),(438,'Corrie','Pydcock',438,'cpydcockc5@europa.eu','438','2018-07-10'),(439,'Donnell','Fritschel',439,'dfritschelc6@xinhuanet.com','439','2018-08-21'),(440,'Dieter','Snyder',440,'dsnyderc7@a8.net','440','2018-07-12'),(441,'Dunstan','Tomczykiewicz',441,'dtomczykiewiczc8@altervista.org','441','2018-10-12'),(442,'Jerrome','Chadwell',442,'jchadwellc9@auda.org.au','442','2018-03-22'),(443,'Sheffy','Anderton',443,'sandertonca@bizjournals.com','443','2018-11-09'),(444,'Edlin','Pearl',444,'epearlcb@angelfire.com','444','2018-06-04'),(445,'Yulma','Birdwhistle',445,'ybirdwhistlecc@cbc.ca','445','2018-07-31'),(446,'Boigie','Mettericke',446,'bmetterickecd@washington.edu','446','2018-04-07'),(447,'Carny','Fouch',447,'cfouchce@prlog.org','447','2018-03-30'),(448,'Roy','Issacof',448,'rissacofcf@multiply.com','448','2018-02-05'),(449,'Nathanial','Zecchi',449,'nzecchicg@cpanel.net','449','2018-07-29'),(450,'Raddie','Niles',450,'rnilesch@tumblr.com','450','2018-03-11'),(451,'Glen','Cousans',451,'gcousansci@virginia.edu','451','2018-09-23'),(452,'Bobby','Bescoby',452,'bbescobycj@google.co.uk','452','2018-04-29'),(453,'Che','Werner',453,'cwernerck@wikia.com','453','2018-11-19'),(454,'Angie','Jochens',454,'ajochenscl@smugmug.com','454','2018-10-12'),(455,'Efren','Tuma',455,'etumacm@shop-pro.jp','455','2018-08-08'),(456,'Al','Fawlo',456,'afawlocn@ucla.edu','456','2018-10-13'),(457,'Lombard','Chitty',457,'lchittyco@symantec.com','457','2018-10-30'),(458,'Town','Goldsberry',458,'tgoldsberrycp@china.com.cn','458','2018-10-04'),(459,'Beaufort','Brisco',459,'bbriscocq@addtoany.com','459','2018-02-10'),(460,'Regen','Jacobi',460,'rjacobicr@harvard.edu','460','2018-04-20'),(461,'Josiah','Chaffen',461,'jchaffencs@imgur.com','461','2018-06-09'),(462,'Lazar','Lowdham',462,'llowdhamct@163.com','462','2018-09-17'),(463,'Ulberto','Bligh',463,'ublighcu@hatena.ne.jp','463','2018-12-24'),(464,'Markus','McInnes',464,'mmcinnescv@uiuc.edu','464','2018-05-14'),(465,'Gerard','Defond',465,'gdefondcw@cnet.com','465','2018-11-13'),(466,'Tybalt','Shoorbrooke',466,'tshoorbrookecx@shop-pro.jp','466','2018-10-12'),(467,'Leopold','aManger',467,'lamangercy@fastcompany.com','467','2018-03-30'),(468,'Ingemar','Brahms',468,'ibrahmscz@php.net','468','2018-09-23'),(469,'Kippar','Wooderson',469,'kwoodersond0@ycombinator.com','469','2018-11-03'),(470,'Giffer','Orys',470,'gorysd1@miibeian.gov.cn','470','2018-01-04'),(471,'Townie','Payton',471,'tpaytond2@craigslist.org','471','2018-12-25'),(472,'Garold','Heinzel',472,'gheinzeld3@nasa.gov','472','2018-05-12'),(473,'Laurence','Sisey',473,'lsiseyd4@tuttocitta.it','473','2018-11-30'),(474,'Franchot','Mussard',474,'fmussardd5@pen.io','474','2018-03-17'),(475,'Hilario','Brickett',475,'hbrickettd6@twitter.com','475','2018-12-23'),(476,'Jerrold','Twoohy',476,'jtwoohyd7@illinois.edu','476','2018-12-20'),(477,'Giacobo','Figgins',477,'gfigginsd8@google.co.jp','477','2018-06-27'),(478,'Curtis','Bothe',478,'cbothed9@ustream.tv','478','2018-11-18'),(479,'Pietro','Kondrachenko',479,'pkondrachenkoda@tinyurl.com','479','2018-04-26'),(480,'Gallard','Tippetts',480,'gtippettsdb@sciencedirect.com','480','2018-12-18'),(481,'Murray','Ravenscroft',481,'mravenscroftdc@npr.org','481','2018-10-21'),(482,'Konrad','Bricknall',482,'kbricknalldd@naver.com','482','2018-08-21'),(483,'Ezequiel','Duval',483,'eduvalde@theguardian.com','483','2018-05-17'),(484,'Royal','Sheridan',484,'rsheridandf@noaa.gov','484','2018-01-24'),(485,'Devlen','Morrad',485,'dmorraddg@about.me','485','2018-07-03'),(486,'Cordy','Ferrige',486,'cferrigedh@hatena.ne.jp','486','2018-08-06'),(487,'Wittie','Blaby',487,'wblabydi@nytimes.com','487','2018-03-16'),(488,'Mikol','Whalley',488,'mwhalleydj@arizona.edu','488','2018-08-22'),(489,'Walther','Bricham',489,'wbrichamdk@mlb.com','489','2018-12-22'),(490,'Stefan','Alibone',490,'salibonedl@dell.com','490','2018-05-27'),(491,'Claus','Winkless',491,'cwinklessdm@wikimedia.org','491','2018-01-25'),(492,'Lancelot','Yeomans',492,'lyeomansdn@ibm.com','492','2018-08-27'),(493,'Saunders','Trembath',493,'strembathdo@cyberchimps.com','493','2018-10-06'),(494,'Lammond','Westwood',494,'lwestwooddp@engadget.com','494','2018-06-23'),(495,'Lucias','Anderton',495,'landertondq@bloomberg.com','495','2018-05-24'),(496,'Tannie','Howitt',496,'thowittdr@storify.com','496','2018-10-03'),(497,'Addy','Tawse',497,'atawseds@usatoday.com','497','2018-03-27'),(498,'Matthiew','Walshaw',498,'mwalshawdt@usnews.com','498','2018-05-20'),(499,'Randell','Pedwell',499,'rpedwelldu@vkontakte.ru','499','2018-05-11'),(500,'Ward','Slaughter',500,'wslaughterdv@umich.edu','500','2018-08-27'),(501,'Lemmy','Radeliffe',501,'lradeliffedw@twitter.com','501','2018-02-01'),(502,'Al','Marchello',502,'amarchellodx@vk.com','502','2018-03-04'),(503,'Borden','Penddreth',503,'bpenddrethdy@spotify.com','503','2018-04-13'),(504,'Karlis','Clulee',504,'kcluleedz@mayoclinic.com','504','2018-12-03'),(505,'Oran','Coggin',505,'ocoggine0@house.gov','505','2018-07-28'),(506,'Guy','Simpole',506,'gsimpolee1@rediff.com','506','2018-10-27'),(507,'Osgood','Shermore',507,'oshermoree2@icio.us','507','2018-01-19'),(508,'Abrahan','Denys',508,'adenyse3@netvibes.com','508','2018-02-04'),(509,'Valentijn','De\'Vere - Hunt',509,'vdeverehunte4@hatena.ne.jp','509','2018-12-24'),(510,'Corty','Wyllcock',510,'cwyllcocke5@theglobeandmail.com','510','2018-11-28'),(511,'Sully','Worssam',511,'sworssame6@com.com','511','2018-12-31'),(512,'Neal','Finlaison',512,'nfinlaisone7@people.com.cn','512','2018-03-27'),(513,'Chilton','Fossord',513,'cfossorde8@shareasale.com','513','2018-04-04'),(514,'Shay','Vaney',514,'svaneye9@deviantart.com','514','2018-04-20'),(515,'Broddie','Pargent',515,'bpargentea@soundcloud.com','515','2018-05-03'),(516,'Broderick','McCleod',516,'bmccleodeb@soup.io','516','2018-09-11'),(517,'Norrie','Cruce',517,'ncruceec@reference.com','517','2018-05-22'),(518,'Robb','Sabate',518,'rsabateed@bandcamp.com','518','2018-08-25'),(519,'Rex','Warnes',519,'rwarnesee@theglobeandmail.com','519','2018-05-02'),(520,'Hugues','Ruppert',520,'hruppertef@themeforest.net','520','2018-01-04'),(521,'Gaston','Lemerie',521,'glemerieeg@lycos.com','521','2018-09-26'),(522,'Yule','Hayworth',522,'yhaywortheh@mit.edu','522','2018-08-20'),(523,'Taddeusz','Shute',523,'tshuteei@imdb.com','523','2018-04-19'),(524,'Yance','Elton',524,'yeltonej@dell.com','524','2018-06-05'),(525,'Antonius','Yurmanovev',525,'ayurmanovevek@skype.com','525','2018-01-17'),(526,'Leonardo','Jakubovits',526,'ljakubovitsel@foxnews.com','526','2018-07-15'),(527,'Burlie','Hacard',527,'bhacardem@comsenz.com','527','2018-03-26'),(528,'Brady','Seakings',528,'bseakingsen@webnode.com','528','2018-12-02'),(529,'Bartholomew','Engelmann',529,'bengelmanneo@constantcontact.com','529','2018-07-18'),(530,'Meir','Pick',530,'mpickep@altervista.org','530','2018-09-12'),(531,'Pip','Redler',531,'predlereq@plala.or.jp','531','2018-12-28'),(532,'Udall','Spurret',532,'uspurreter@qq.com','532','2018-05-29'),(533,'Gallard','Meenehan',533,'gmeenehanes@godaddy.com','533','2018-05-22'),(534,'Tobit','Wiszniewski',534,'twiszniewskiet@exblog.jp','534','2018-10-16'),(535,'Constantin','Geall',535,'cgealleu@goo.ne.jp','535','2018-07-11'),(536,'Kory','Juschka',536,'kjuschkaev@ameblo.jp','536','2018-12-21'),(537,'Corey','Renac',537,'crenacew@gnu.org','537','2018-07-22'),(538,'Berty','DelaField',538,'bdelafieldex@google.cn','538','2018-03-06'),(539,'Yul','Stiger',539,'ystigerey@feedburner.com','539','2018-01-17'),(540,'Bartie','Di Francesco',540,'bdifrancescoez@deliciousdays.com','540','2018-09-09'),(541,'Alick','Hame',541,'ahamef0@mysql.com','541','2018-09-16'),(542,'Fleming','Muddicliffe',542,'fmuddicliffef1@paypal.com','542','2018-01-10'),(543,'Aymer','Franchi',543,'afranchif2@comcast.net','543','2018-02-22'),(544,'Prinz','Leopold',544,'pleopoldf3@dmoz.org','544','2018-08-09'),(545,'Verne','Kenefick',545,'vkenefickf4@desdev.cn','545','2018-06-13'),(546,'Orran','McRae',546,'omcraef5@webs.com','546','2018-10-24'),(547,'Nikos','Gerb',547,'ngerbf6@pinterest.com','547','2018-03-20'),(548,'Gavin','Townsend',548,'gtownsendf7@goo.ne.jp','548','2018-06-24'),(549,'Farly','Harcus',549,'fharcusf8@list-manage.com','549','2018-05-20'),(550,'Sloane','MacCook',550,'smaccookf9@tinypic.com','550','2018-05-06'),(551,'Cart','Tourne',551,'ctournefa@domainmarket.com','551','2018-01-22'),(552,'Kinnie','Shitliff',552,'kshitlifffb@woothemes.com','552','2018-05-06'),(553,'Matthaeus','Wrankmore',553,'mwrankmorefc@jimdo.com','553','2018-03-14'),(554,'Reid','Ockwell',554,'rockwellfd@uol.com.br','554','2018-10-18'),(555,'Giorgio','O\'Carney',555,'gocarneyfe@yahoo.co.jp','555','2018-09-13'),(556,'Huntlee','Jarry',556,'hjarryff@networksolutions.com','556','2018-12-18'),(557,'Rolland','Buyers',557,'rbuyersfg@netscape.com','557','2018-12-05'),(558,'Chancey','Coviello',558,'ccoviellofh@sohu.com','558','2018-10-26'),(559,'Lowe','Fagg',559,'lfaggfi@arstechnica.com','559','2018-04-22'),(560,'Nathanial','Cavalier',560,'ncavalierfj@cargocollective.com','560','2018-10-03'),(561,'Mason','Lowsely',561,'mlowselyfk@netscape.com','561','2018-04-04'),(562,'Padriac','Pavis',562,'ppavisfl@netvibes.com','562','2018-01-16'),(563,'Isaiah','Grzegorzewski',563,'igrzegorzewskifm@dailymotion.com','563','2018-09-04'),(564,'Cornie','Eacott',564,'ceacottfn@a8.net','564','2018-07-16'),(565,'Mart','Westley',565,'mwestleyfo@answers.com','565','2018-11-26'),(566,'Xerxes','Devanney',566,'xdevanneyfp@rakuten.co.jp','566','2018-04-30'),(567,'Randolph','Prattington',567,'rprattingtonfq@icio.us','567','2018-08-29'),(568,'Urbanus','Ort',568,'uortfr@aol.com','568','2018-04-08'),(569,'Hale','Wyard',569,'hwyardfs@lycos.com','569','2018-09-29'),(570,'Mar','Bish',570,'mbishft@xrea.com','570','2018-06-21'),(571,'Lonnard','Josefs',571,'ljosefsfu@php.net','571','2018-07-24'),(572,'Sky','Pauncefort',572,'spauncefortfv@over-blog.com','572','2018-04-06'),(573,'Lance','Moodie',573,'lmoodiefw@buzzfeed.com','573','2018-01-01'),(574,'Alister','Newick',574,'anewickfx@merriam-webster.com','574','2018-04-16'),(575,'Harrison','Hiddy',575,'hhiddyfy@ted.com','575','2018-12-14'),(576,'Bealle','Moehle',576,'bmoehlefz@cnet.com','576','2018-03-16'),(577,'Nicolais','Boomes',577,'nboomesg0@upenn.edu','577','2018-10-21'),(578,'Estevan','Gorman',578,'egormang1@huffingtonpost.com','578','2018-10-16'),(579,'Nikolaos','Emanuele',579,'nemanueleg2@walmart.com','579','2018-08-23'),(580,'Leslie','Guterson',580,'lgutersong3@go.com','580','2018-11-29'),(581,'Carny','Dubber',581,'cdubberg4@hao123.com','581','2018-02-18'),(582,'Con','Girard',582,'cgirardg5@quantcast.com','582','2018-09-09'),(583,'Redford','Trewett',583,'rtrewettg6@ftc.gov','583','2018-03-06'),(584,'Judah','Pirot',584,'jpirotg7@privacy.gov.au','584','2018-01-30'),(585,'Locke','Escalera',585,'lescalerag8@feedburner.com','585','2018-08-07'),(586,'Rayner','Ballsdon',586,'rballsdong9@sourceforge.net','586','2018-07-09'),(587,'Johannes','Grim',587,'jgrimga@creativecommons.org','587','2018-11-02'),(588,'Dagny','Stearndale',588,'dstearndalegb@hibu.com','588','2018-01-17'),(589,'Ced','de Castelain',589,'cdecastelaingc@seattletimes.com','589','2018-04-22'),(590,'Swen','Lohering',590,'sloheringgd@photobucket.com','590','2018-04-07'),(591,'Bertie','Baskeyfield',591,'bbaskeyfieldge@vinaora.com','591','2018-05-15'),(592,'Adlai','Hayesman',592,'ahayesmangf@answers.com','592','2018-03-12'),(593,'Derril','Loffhead',593,'dloffheadgg@oakley.com','593','2018-03-12'),(594,'Ferdinand','Ranscomb',594,'franscombgh@theatlantic.com','594','2018-03-05'),(595,'Nil','Laxson',595,'nlaxsongi@xinhuanet.com','595','2018-01-23'),(596,'Dorian','Raimbauld',596,'draimbauldgj@ehow.com','596','2018-10-02'),(597,'Isador','Heams',597,'iheamsgk@about.me','597','2018-04-14'),(598,'Shane','Henriques',598,'shenriquesgl@google.es','598','2018-10-19'),(599,'Coleman','Wile',599,'cwilegm@nps.gov','599','2018-05-01'),(600,'Wilfrid','Dubery',600,'wduberygn@slashdot.org','600','2018-02-02'),(601,'Dilly','Dehmel',601,'ddehmelgo@posterous.com','601','2018-05-20'),(602,'Michael','MacCoveney',602,'mmaccoveneygp@upenn.edu','602','2018-08-20'),(603,'Carl','Beedle',603,'cbeedlegq@macromedia.com','603','2018-09-16'),(604,'Trumaine','Willan',604,'twillangr@multiply.com','604','2018-09-25'),(605,'Slade','Crossthwaite',605,'scrossthwaitegs@mlb.com','605','2018-02-15'),(606,'Brockie','Matfield',606,'bmatfieldgt@google.cn','606','2018-08-23'),(607,'Darius','Worgen',607,'dworgengu@1688.com','607','2018-07-01'),(608,'Zack','Esome',608,'zesomegv@ycombinator.com','608','2018-08-26'),(609,'Hort','Gagie',609,'hgagiegw@tiny.cc','609','2018-01-17'),(610,'Kristian','Capponeer',610,'kcapponeergx@ibm.com','610','2018-09-29'),(611,'Sonnie','Tice',611,'sticegy@globo.com','611','2018-09-10'),(612,'Robert','Kildahl',612,'rkildahlgz@ovh.net','612','2018-10-14'),(613,'Rog','Erlam',613,'rerlamh0@artisteer.com','613','2018-10-30'),(614,'Antonius','Doud',614,'adoudh1@i2i.jp','614','2018-03-09'),(615,'Jere','Aspland',615,'jasplandh2@sogou.com','615','2018-01-15'),(616,'Melvin','Harms',616,'mharmsh3@berkeley.edu','616','2018-06-04'),(617,'Stu','Woolnough',617,'swoolnoughh4@angelfire.com','617','2018-03-09'),(618,'Fabien','Sugden',618,'fsugdenh5@mozilla.org','618','2018-07-28'),(619,'Muffin','Bony',619,'mbonyh6@telegraph.co.uk','619','2018-11-28'),(620,'Weidar','Pellamonuten',620,'wpellamonutenh7@who.int','620','2018-10-05'),(621,'Holly','Luipold',621,'hluipoldh8@godaddy.com','621','2018-05-27'),(622,'Bil','Schall',622,'bschallh9@feedburner.com','622','2018-12-08'),(623,'Rickie','Huie',623,'rhuieha@purevolume.com','623','2018-05-18'),(624,'Alleyn','Tullot',624,'atullothb@google.co.uk','624','2018-02-22'),(625,'Nester','Harryman',625,'nharrymanhc@php.net','625','2018-11-12'),(626,'Bastien','Kalderon',626,'bkalderonhd@skyrock.com','626','2018-06-26'),(627,'Garrik','Cowperthwaite',627,'gcowperthwaitehe@loc.gov','627','2018-12-16'),(628,'Millard','Ranklin',628,'mranklinhf@elegantthemes.com','628','2018-08-28'),(629,'Mattias','Ferroni',629,'mferronihg@networkadvertising.org','629','2018-10-07'),(630,'Borden','Redbourn',630,'bredbournhh@shinystat.com','630','2018-05-15'),(631,'Cale','Bock',631,'cbockhi@wikia.com','631','2018-09-13'),(632,'Thor','Norheny',632,'tnorhenyhj@mayoclinic.com','632','2018-04-18'),(633,'Inglis','Rockwell',633,'irockwellhk@edublogs.org','633','2018-12-12'),(634,'Rich','Wiburn',634,'rwiburnhl@drupal.org','634','2018-12-05'),(635,'Trenton','Whyard',635,'twhyardhm@themeforest.net','635','2018-05-13'),(636,'Rand','Bewshaw',636,'rbewshawhn@blogtalkradio.com','636','2018-06-17'),(637,'Ignacius','Cossom',637,'icossomho@liveinternet.ru','637','2018-12-14'),(638,'Tabbie','Girardoni',638,'tgirardonihp@1688.com','638','2018-07-10'),(639,'Giffard','Raine',639,'grainehq@businessweek.com','639','2018-08-28'),(640,'Salim','Ferrant',640,'sferranthr@t-online.de','640','2018-12-27'),(641,'Thorsten','Casini',641,'tcasinihs@dagondesign.com','641','2018-03-07'),(642,'Shannan','Barford',642,'sbarfordht@bloglovin.com','642','2018-01-06'),(643,'Pietrek','Merdew',643,'pmerdewhu@github.io','643','2018-03-10'),(644,'Hermy','Simone',644,'hsimonehv@lycos.com','644','2018-07-11'),(645,'Stevy','Josephy',645,'sjosephyhw@independent.co.uk','645','2018-11-17'),(646,'Deck','Pinkerton',646,'dpinkertonhx@state.tx.us','646','2018-11-25'),(647,'Jeramey','Shakshaft',647,'jshakshafthy@plala.or.jp','647','2018-09-27'),(648,'Sascha','Delahunty',648,'sdelahuntyhz@yelp.com','648','2018-08-09'),(649,'Xavier','Lownie',649,'xlowniei0@cbslocal.com','649','2018-02-28'),(650,'Joshua','Sydall',650,'jsydalli1@eepurl.com','650','2018-04-02'),(651,'Brandyn','Alcoran',651,'balcorani2@archive.org','651','2018-02-21'),(652,'Herve','Crockley',652,'hcrockleyi3@yellowbook.com','652','2018-08-17'),(653,'Harman','Grishanin',653,'hgrishanini4@soundcloud.com','653','2018-02-12'),(654,'Vittorio','Nusche',654,'vnuschei5@noaa.gov','654','2018-11-11'),(655,'Evered','Stenton',655,'estentoni6@home.pl','655','2018-11-19'),(656,'Theodore','Cosgriff',656,'tcosgriffi7@bbc.co.uk','656','2018-04-06'),(657,'Jase','Slimme',657,'jslimmei8@huffingtonpost.com','657','2018-12-12'),(658,'Brig','Ayris',658,'bayrisi9@mysql.com','658','2018-08-21'),(659,'Ford','Baish',659,'fbaishia@amazon.co.uk','659','2018-11-23'),(660,'De witt','Hasty',660,'dhastyib@shinystat.com','660','2018-03-14'),(661,'Worth','Lockyer',661,'wlockyeric@flickr.com','661','2018-01-06'),(662,'Hayward','Fearnill',662,'hfearnillid@trellian.com','662','2018-06-06'),(663,'Cart','Loughrey',663,'cloughreyie@vinaora.com','663','2018-07-13'),(664,'Nat','Boynes',664,'nboynesif@cornell.edu','664','2018-09-12'),(665,'Bret','Mintram',665,'bmintramig@wikia.com','665','2018-03-05'),(666,'Reinhold','Justice',666,'rjusticeih@seattletimes.com','666','2018-07-28'),(667,'Cesar','Branigan',667,'cbraniganii@shareasale.com','667','2018-08-08'),(668,'Barty','Hatz',668,'bhatzij@unesco.org','668','2018-08-04'),(669,'Dael','Reyna',669,'dreynaik@hud.gov','669','2018-05-23'),(670,'Ash','Shallcroff',670,'ashallcroffil@ifeng.com','670','2018-10-23'),(671,'Briant','Heberden',671,'bheberdenim@pinterest.com','671','2018-12-13'),(672,'Torey','Dobel',672,'tdobelin@usgs.gov','672','2018-08-17'),(673,'Lindon','Iveans',673,'liveansio@npr.org','673','2018-03-22'),(674,'Christoffer','Tincknell',674,'ctincknellip@domainmarket.com','674','2018-07-17'),(675,'Rudolfo','Featherston',675,'rfeatherstoniq@reddit.com','675','2018-10-11'),(676,'Alister','Sandilands',676,'asandilandsir@home.pl','676','2018-01-20'),(677,'Dominic','Idney',677,'didneyis@chicagotribune.com','677','2018-03-31'),(678,'Terrel','Dunniom',678,'tdunniomit@globo.com','678','2018-10-15'),(679,'Alaster','Grimstead',679,'agrimsteadiu@bandcamp.com','679','2018-12-05'),(680,'Lance','Waszczykowski',680,'lwaszczykowskiiv@geocities.jp','680','2018-09-14'),(681,'Anatole','Boulter',681,'aboulteriw@nba.com','681','2018-04-05'),(682,'Ode','Collings',682,'ocollingsix@webeden.co.uk','682','2018-02-12'),(683,'Shamus','Boichat',683,'sboichatiy@guardian.co.uk','683','2018-12-15'),(684,'Gal','Forten',684,'gforteniz@dmoz.org','684','2018-06-13'),(685,'Saxon','Raycroft',685,'sraycroftj0@ameblo.jp','685','2018-06-23'),(686,'Sigismond','Cough',686,'scoughj1@nasa.gov','686','2018-02-21'),(687,'Emmery','Jennaroy',687,'ejennaroyj2@discovery.com','687','2018-02-18'),(688,'Ermin','Antonognoli',688,'eantonognolij3@yandex.ru','688','2018-11-11'),(689,'Gregor','Dewitt',689,'gdewittj4@spotify.com','689','2018-03-05'),(690,'Garrard','Duckwith',690,'gduckwithj5@state.tx.us','690','2018-01-17'),(691,'Ira','Dacres',691,'idacresj6@amazon.co.uk','691','2018-07-23'),(692,'Lyle','Poyzer',692,'lpoyzerj7@cpanel.net','692','2018-03-15'),(693,'Ogdan','Prisk',693,'opriskj8@free.fr','693','2018-12-23'),(694,'Lyn','Viveash',694,'lviveashj9@reverbnation.com','694','2018-06-10'),(695,'Flin','Barry',695,'fbarryja@xing.com','695','2018-02-03'),(696,'Jerrold','Holdin',696,'jholdinjb@twitter.com','696','2018-09-29'),(697,'Claybourne','Butlin',697,'cbutlinjc@slashdot.org','697','2018-07-20'),(698,'Goddard','Petricek',698,'gpetricekjd@umn.edu','698','2018-05-29'),(699,'Victoir','Kalinke',699,'vkalinkeje@blogs.com','699','2018-05-11'),(700,'Ignacius','Sawkin',700,'isawkinjf@barnesandnoble.com','700','2018-01-17'),(701,'Nickolaus','Bonaire',701,'nbonairejg@imageshack.us','701','2018-05-04'),(702,'Hasheem','Bracey',702,'hbraceyjh@wikispaces.com','702','2018-03-10'),(703,'Mateo','O\' Mahony',703,'momahonyji@feedburner.com','703','2018-08-07'),(704,'Adam','Shoulder',704,'ashoulderjj@state.gov','704','2018-05-02'),(705,'Darren','Barribal',705,'dbarribaljk@imgur.com','705','2018-07-04'),(706,'James','Millberg',706,'jmillbergjl@bluehost.com','706','2018-02-08'),(707,'Jody','Leipnik',707,'jleipnikjm@dedecms.com','707','2018-04-02'),(708,'Shay','Valenti',708,'svalentijn@quantcast.com','708','2018-03-21'),(709,'Silvanus','Barta',709,'sbartajo@istockphoto.com','709','2018-04-16'),(710,'Lawrence','Tuffin',710,'ltuffinjp@phpbb.com','710','2018-04-16'),(711,'Victoir','Ganniclifft',711,'vganniclifftjq@hao123.com','711','2018-09-09'),(712,'Court','Coyle',712,'ccoylejr@twitter.com','712','2018-08-01'),(713,'Ethelbert','Weathers',713,'eweathersjs@4shared.com','713','2018-06-02'),(714,'Christoper','Aburrow',714,'caburrowjt@odnoklassniki.ru','714','2018-12-31'),(715,'Royall','Dougal',715,'rdougalju@technorati.com','715','2018-11-09'),(716,'Heriberto','MacRorie',716,'hmacroriejv@msn.com','716','2018-01-15'),(717,'Buck','Dullaghan',717,'bdullaghanjw@wikia.com','717','2018-10-25'),(718,'Gualterio','Crocroft',718,'gcrocroftjx@last.fm','718','2018-09-17'),(719,'Stuart','Sambells',719,'ssambellsjy@sciencedirect.com','719','2018-05-29'),(720,'Frasier','Chellingworth',720,'fchellingworthjz@answers.com','720','2018-03-09'),(721,'Moe','Mathey',721,'mmatheyk0@example.com','721','2018-09-16'),(722,'Robbie','Kedge',722,'rkedgek1@bigcartel.com','722','2018-10-01'),(723,'Jerri','Welford',723,'jwelfordk2@parallels.com','723','2018-10-01'),(724,'Fonzie','Jarred',724,'fjarredk3@ox.ac.uk','724','2018-05-31'),(725,'Bryant','Speachley',725,'bspeachleyk4@washington.edu','725','2018-12-30'),(726,'Trumann','Saphir',726,'tsaphirk5@adobe.com','726','2018-06-11'),(727,'Bard','Redgrave',727,'bredgravek6@mlb.com','727','2018-12-05'),(728,'Mario','Hradsky',728,'mhradskyk7@bigcartel.com','728','2018-04-13'),(729,'Arny','Derwin',729,'aderwink8@ibm.com','729','2018-10-02'),(730,'Lamond','Arons',730,'laronsk9@goo.gl','730','2018-06-03'),(731,'Nappy','Tutchener',731,'ntutchenerka@live.com','731','2018-12-23'),(732,'Bert','Rosier',732,'brosierkb@spotify.com','732','2018-01-17'),(733,'Curtice','Lavalle',733,'clavallekc@squarespace.com','733','2018-03-28'),(734,'Torrin','Guard',734,'tguardkd@dagondesign.com','734','2018-10-24'),(735,'Michael','Moxham',735,'mmoxhamke@exblog.jp','735','2018-10-27'),(736,'Roosevelt','Coggings',736,'rcoggingskf@washingtonpost.com','736','2018-02-28'),(737,'Halsey','Siman',737,'hsimankg@sitemeter.com','737','2018-05-20'),(738,'Shaw','Poulsen',738,'spoulsenkh@vk.com','738','2018-03-14'),(739,'Piotr','Bernardotti',739,'pbernardottiki@salon.com','739','2018-09-23'),(740,'Renault','Bontoft',740,'rbontoftkj@weebly.com','740','2018-09-13'),(741,'Giustino','Montague',741,'gmontaguekk@dailymotion.com','741','2018-09-27'),(742,'Chane','Moniker',742,'cmonikerkl@cisco.com','742','2018-05-20'),(743,'Pren','Croot',743,'pcrootkm@bbb.org','743','2018-05-12'),(744,'Willi','Imlin',744,'wimlinkn@odnoklassniki.ru','744','2018-01-17'),(745,'Pate','Few',745,'pfewko@youtu.be','745','2018-04-07'),(746,'Oliver','Romand',746,'oromandkp@china.com.cn','746','2018-12-07'),(747,'Eugenius','Labbett',747,'elabbettkq@squidoo.com','747','2018-09-22'),(748,'Baxy','Jurgensen',748,'bjurgensenkr@umn.edu','748','2018-07-18'),(749,'Rowan','Cassimer',749,'rcassimerks@instagram.com','749','2018-05-08'),(750,'Way','Ricca',750,'wriccakt@blogtalkradio.com','750','2018-05-07'),(751,'Devy','Caunce',751,'dcaunceku@mysql.com','751','2018-03-16'),(752,'Frazier','Lehrahan',752,'flehrahankv@woothemes.com','752','2018-02-13'),(753,'Kermie','Pavlov',753,'kpavlovkw@apache.org','753','2018-06-09'),(754,'Welbie','Laye',754,'wlayekx@bbc.co.uk','754','2018-04-06'),(755,'Quint','Botterill',755,'qbotterillky@blogtalkradio.com','755','2018-03-12'),(756,'Lief','Kulas',756,'lkulaskz@cbc.ca','756','2018-05-22'),(757,'Ches','Douglass',757,'cdouglassl0@webeden.co.uk','757','2018-10-19'),(758,'Ernestus','Emburey',758,'eembureyl1@ca.gov','758','2018-09-08'),(759,'Holly','Bending',759,'hbendingl2@networksolutions.com','759','2018-09-20'),(760,'Lemmie','Schankel',760,'lschankell3@hud.gov','760','2018-06-11'),(761,'Murdock','Nottingam',761,'mnottingaml4@comsenz.com','761','2018-08-01'),(762,'Montague','Shawdforth',762,'mshawdforthl5@google.cn','762','2018-12-17'),(763,'Ernestus','Mulberry',763,'emulberryl6@cocolog-nifty.com','763','2018-10-24'),(764,'Griz','Dotson',764,'gdotsonl7@google.pl','764','2018-01-29'),(765,'Sergent','Brownsill',765,'sbrownsilll8@ihg.com','765','2018-06-28'),(766,'Dallas','Le Batteur',766,'dlebatteurl9@dyndns.org','766','2018-10-24'),(767,'Barnard','Thew',767,'bthewla@surveymonkey.com','767','2018-07-15'),(768,'Aldus','Sarsons',768,'asarsonslb@google.nl','768','2018-07-09'),(769,'Robinet','Frill',769,'rfrilllc@taobao.com','769','2018-11-06'),(770,'Harman','Confait',770,'hconfaitld@businessweek.com','770','2018-06-30'),(771,'Husein','Cayton',771,'hcaytonle@sciencedirect.com','771','2018-04-24'),(772,'Fin','Rummins',772,'frumminslf@nbcnews.com','772','2018-04-12'),(773,'Ware','Munt',773,'wmuntlg@ezinearticles.com','773','2018-02-27'),(774,'Kermit','Allaker',774,'kallakerlh@wikipedia.org','774','2018-05-09'),(775,'Jase','Brantl',775,'jbrantlli@nsw.gov.au','775','2018-06-04'),(776,'Elihu','Aynscombe',776,'eaynscombelj@g.co','776','2018-04-17'),(777,'Pierce','Lembrick',777,'plembricklk@istockphoto.com','777','2018-10-17'),(778,'Danie','Holworth',778,'dholworthll@123-reg.co.uk','778','2018-01-18'),(779,'Merrick','Seward',779,'msewardlm@shutterfly.com','779','2018-08-10'),(780,'Adler','Arnson',780,'aarnsonln@delicious.com','780','2018-11-03'),(781,'Ches','Gaunter',781,'cgaunterlo@virginia.edu','781','2018-07-06'),(782,'Boot','Thredder',782,'bthredderlp@addthis.com','782','2018-11-16'),(783,'Abraham','Rugge',783,'aruggelq@theglobeandmail.com','783','2018-12-20'),(784,'Andie','Rowe',784,'arowelr@example.com','784','2018-08-20'),(785,'Noam','Bagshaw',785,'nbagshawls@163.com','785','2018-01-14'),(786,'Weber','Dran',786,'wdranlt@people.com.cn','786','2018-12-05'),(787,'Algernon','Dally',787,'adallylu@wired.com','787','2018-03-12'),(788,'Harlen','Schimann',788,'hschimannlv@posterous.com','788','2018-04-15'),(789,'Willdon','Attenbrow',789,'wattenbrowlw@addthis.com','789','2018-08-15'),(790,'Torey','Decourcy',790,'tdecourcylx@home.pl','790','2018-04-24'),(791,'Esteban','Whiffin',791,'ewhiffinly@vk.com','791','2018-12-25'),(792,'Corbin','Cholonin',792,'ccholoninlz@walmart.com','792','2018-07-30'),(793,'Isador','Tenniswood',793,'itenniswoodm0@businesswire.com','793','2018-12-26'),(794,'Beau','Romeril',794,'bromerilm1@twitter.com','794','2018-03-28'),(795,'Franciskus','Joppich',795,'fjoppichm2@opensource.org','795','2018-12-28'),(796,'Poul','Marcussen',796,'pmarcussenm3@rediff.com','796','2018-02-02'),(797,'Robinet','Jeffcock',797,'rjeffcockm4@about.com','797','2018-10-02'),(798,'Eldredge','Hacquoil',798,'ehacquoilm5@cdc.gov','798','2018-12-07'),(799,'Ulberto','Furmagier',799,'ufurmagierm6@creativecommons.org','799','2018-06-30'),(800,'Elwood','Hendren',800,'ehendrenm7@smugmug.com','800','2018-01-26'),(801,'Ray','Borghese',801,'rborghesem8@scientificamerican.com','801','2018-09-19'),(802,'Chevalier','Enston',802,'censtonm9@printfriendly.com','802','2018-03-26'),(803,'Maison','Bockmaster',803,'mbockmasterma@list-manage.com','803','2018-11-19'),(804,'Norris','Theodore',804,'ntheodoremb@fda.gov','804','2018-04-02'),(805,'Jasen','Astupenas',805,'jastupenasmc@1und1.de','805','2018-12-10'),(806,'Pattin','Brideau',806,'pbrideaumd@toplist.cz','806','2018-03-16'),(807,'Demetris','Wilmut',807,'dwilmutme@360.cn','807','2018-03-27'),(808,'Kelly','Farquarson',808,'kfarquarsonmf@sfgate.com','808','2018-01-08'),(809,'Cyrus','Boleyn',809,'cboleynmg@senate.gov','809','2018-11-30'),(810,'Allayne','Lattie',810,'alattiemh@youku.com','810','2018-06-29'),(811,'Kile','Pettiward',811,'kpettiwardmi@pagesperso-orange.fr','811','2018-03-01'),(812,'Godwin','Brecon',812,'gbreconmj@arizona.edu','812','2018-06-13'),(813,'Judd','Poetz',813,'jpoetzmk@cbc.ca','813','2018-08-08'),(814,'Prescott','Fawdry',814,'pfawdryml@prnewswire.com','814','2018-09-26'),(815,'Ody','McCandie',815,'omccandiemm@dell.com','815','2018-02-01'),(816,'Carter','Benko',816,'cbenkomn@clickbank.net','816','2018-08-25'),(817,'Onofredo','Penlington',817,'openlingtonmo@house.gov','817','2018-09-26'),(818,'Mathian','Sieghard',818,'msieghardmp@wordpress.com','818','2018-08-19'),(819,'Serge','Ferney',819,'sferneymq@scientificamerican.com','819','2018-11-15'),(820,'Wheeler','Cummins',820,'wcumminsmr@cafepress.com','820','2018-08-14'),(821,'Alix','Horbath',821,'ahorbathms@bluehost.com','821','2018-04-03'),(822,'Gonzales','Greetland',822,'ggreetlandmt@yandex.ru','822','2018-01-11'),(823,'Rick','Tale',823,'rtalemu@google.com.au','823','2018-12-28'),(824,'Dud','Stops',824,'dstopsmv@home.pl','824','2018-09-21'),(825,'Jedd','Annott',825,'jannottmw@domainmarket.com','825','2018-05-30'),(826,'Huntington','Corneck',826,'hcorneckmx@vistaprint.com','826','2018-04-08'),(827,'Paul','Labone',827,'plabonemy@hostgator.com','827','2018-03-24'),(828,'Guillaume','Harmer',828,'gharmermz@ehow.com','828','2018-08-29'),(829,'Amerigo','Van den Broek',829,'avandenbroekn0@engadget.com','829','2018-02-23'),(830,'Abrahan','Rodden',830,'aroddenn1@usa.gov','830','2018-06-15'),(831,'Percy','Swainston',831,'pswainstonn2@wunderground.com','831','2018-02-08'),(832,'Tull','Themann',832,'tthemannn3@phoca.cz','832','2018-04-18'),(833,'Cassius','Gabby',833,'cgabbyn4@zdnet.com','833','2018-05-24'),(834,'Nigel','Gehrels',834,'ngehrelsn5@sohu.com','834','2018-03-08'),(835,'Jeromy','Master',835,'jmastern6@discuz.net','835','2018-01-25'),(836,'Jed','Timcke',836,'jtimcken7@shutterfly.com','836','2018-01-15'),(837,'Enos','Negus',837,'enegusn8@elegantthemes.com','837','2018-10-22'),(838,'Ken','Andriolli',838,'kandriollin9@tripod.com','838','2018-05-02'),(839,'Den','Sammonds',839,'dsammondsna@google.co.uk','839','2018-03-27'),(840,'Charlton','Danher',840,'cdanhernb@chicagotribune.com','840','2018-09-11'),(841,'Neale','Leggs',841,'nleggsnc@hc360.com','841','2018-07-01'),(842,'Remus','Rubra',842,'rrubrand@hibu.com','842','2018-09-11'),(843,'Sigfried','Varga',843,'svargane@hexun.com','843','2018-06-04'),(844,'Xenos','Whellans',844,'xwhellansnf@unc.edu','844','2018-11-02'),(845,'Armstrong','Garrick',845,'agarrickng@linkedin.com','845','2018-12-15'),(846,'Trip','Friday',846,'tfridaynh@china.com.cn','846','2018-09-18'),(847,'Craig','Roantree',847,'croantreeni@infoseek.co.jp','847','2018-08-07'),(848,'Kinsley','Haysey',848,'khayseynj@ihg.com','848','2018-02-15'),(849,'Natty','Mintram',849,'nmintramnk@cam.ac.uk','849','2018-12-11'),(850,'Wadsworth','Pridham',850,'wpridhamnl@mlb.com','850','2018-03-04'),(851,'Homere','Giggie',851,'hgiggienm@psu.edu','851','2018-01-11'),(852,'Scottie','Massard',852,'smassardnn@adobe.com','852','2018-07-23'),(853,'Lon','Murthwaite',853,'lmurthwaiteno@prweb.com','853','2018-06-14'),(854,'Ogden','Shugg',854,'oshuggnp@techcrunch.com','854','2018-04-16'),(855,'Miguel','Cisson',855,'mcissonnq@de.vu','855','2018-05-06'),(856,'Hans','Titherington',856,'htitheringtonnr@ustream.tv','856','2018-11-11'),(857,'Hirsch','Glentworth',857,'hglentworthns@tamu.edu','857','2018-08-22'),(858,'Vito','Clempton',858,'vclemptonnt@ebay.co.uk','858','2018-03-30'),(859,'Matthias','Skeel',859,'mskeelnu@who.int','859','2018-05-31'),(860,'Morse','Theakston',860,'mtheakstonnv@marriott.com','860','2018-12-03'),(861,'Reinhard','Le Brun',861,'rlebrunnw@usatoday.com','861','2018-03-13'),(862,'Rickard','Holah',862,'rholahnx@reference.com','862','2018-12-30'),(863,'Pierson','Vyel',863,'pvyelny@blinklist.com','863','2018-09-11'),(864,'Taber','Drakes',864,'tdrakesnz@opera.com','864','2018-11-29'),(865,'Cosme','Draysay',865,'cdraysayo0@biblegateway.com','865','2018-02-09'),(866,'Cooper','Beahan',866,'cbeahano1@twitpic.com','866','2018-06-22'),(867,'Arri','Sjollema',867,'asjollemao2@toplist.cz','867','2018-11-19'),(868,'Hermy','Iacobetto',868,'hiacobettoo3@nymag.com','868','2018-10-02'),(869,'Binky','Guitte',869,'bguitteo4@rakuten.co.jp','869','2018-05-22'),(870,'Quillan','Gwatkins',870,'qgwatkinso5@geocities.com','870','2018-02-07'),(871,'Paco','McSperron',871,'pmcsperrono6@icio.us','871','2018-12-04'),(872,'Pinchas','Hallwell',872,'phallwello7@blogger.com','872','2018-08-22'),(873,'Dwayne','McLagain',873,'dmclagaino8@illinois.edu','873','2018-07-04'),(874,'Galven','Fisbey',874,'gfisbeyo9@hibu.com','874','2018-06-16'),(875,'Goraud','Westley',875,'gwestleyoa@bizjournals.com','875','2018-03-11'),(876,'Neddy','Grosvener',876,'ngrosvenerob@webnode.com','876','2018-05-15'),(877,'Thorstein','Camerati',877,'tcameratioc@shinystat.com','877','2018-07-27'),(878,'Andrey','Olijve',878,'aolijveod@epa.gov','878','2018-11-08'),(879,'Huntley','Challens',879,'hchallensoe@privacy.gov.au','879','2018-06-13'),(880,'Ram','Lorent',880,'rlorentof@dedecms.com','880','2018-12-31'),(881,'Karim','Scoffham',881,'kscoffhamog@about.me','881','2018-03-29'),(882,'Arlan','Nestoruk',882,'anestorukoh@admin.ch','882','2018-01-02'),(883,'West','Tebald',883,'wtebaldoi@google.pl','883','2018-08-26'),(884,'Herb','Fullwood',884,'hfullwoodoj@zdnet.com','884','2018-02-11'),(885,'Gabie','Fuggle',885,'gfuggleok@twitpic.com','885','2018-07-11'),(886,'Link','Robinson',886,'lrobinsonol@xinhuanet.com','886','2018-04-03'),(887,'Richie','Risom',887,'rrisomom@soup.io','887','2018-08-07'),(888,'Meredeth','Cracknell',888,'mcracknellon@cornell.edu','888','2018-05-30'),(889,'Heriberto','Beament',889,'hbeamentoo@unblog.fr','889','2018-12-06'),(890,'Vasili','Patience',890,'vpatienceop@webeden.co.uk','890','2018-11-07'),(891,'Jephthah','De Few',891,'jdefewoq@java.com','891','2018-10-09'),(892,'Kenyon','Kindleysides',892,'kkindleysidesor@timesonline.co.uk','892','2018-01-08'),(893,'Rudd','Purchall',893,'rpurchallos@biglobe.ne.jp','893','2018-08-05'),(894,'Eustace','Fowden',894,'efowdenot@dyndns.org','894','2018-06-07'),(895,'Aguie','Stinson',895,'astinsonou@ocn.ne.jp','895','2018-03-03'),(896,'Zebulon','Dannell',896,'zdannellov@friendfeed.com','896','2018-10-08'),(897,'Gerrie','Luce',897,'gluceow@chronoengine.com','897','2018-02-28'),(898,'Kristoforo','Digan',898,'kdiganox@exblog.jp','898','2018-05-05'),(899,'Brit','Woolaston',899,'bwoolastonoy@dion.ne.jp','899','2018-09-08'),(900,'Vincents','Barenskie',900,'vbarenskieoz@exblog.jp','900','2018-07-14'),(901,'Egor','Cough',901,'ecoughp0@indiatimes.com','901','2018-05-01'),(902,'Alard','Batram',902,'abatramp1@mapy.cz','902','2018-08-24'),(903,'Val','Vittle',903,'vvittlep2@dailymail.co.uk','903','2018-11-03'),(904,'Alric','Colaco',904,'acolacop3@de.vu','904','2018-06-16'),(905,'Bryan','Vickars',905,'bvickarsp4@blogtalkradio.com','905','2018-10-08'),(906,'Weber','Keitch',906,'wkeitchp5@berkeley.edu','906','2018-02-28'),(907,'Gunther','Molineux',907,'gmolineuxp6@google.es','907','2018-07-18'),(908,'Bendicty','Breddy',908,'bbreddyp7@linkedin.com','908','2018-10-11'),(909,'Patrick','Adney',909,'padneyp8@uiuc.edu','909','2018-05-14'),(910,'Jens','Bulmer',910,'jbulmerp9@jimdo.com','910','2018-03-15'),(911,'Carrol','Sybe',911,'csybepa@berkeley.edu','911','2018-04-07'),(912,'Renaldo','McConaghy',912,'rmcconaghypb@aboutads.info','912','2018-07-29'),(913,'Garvin','Casine',913,'gcasinepc@pcworld.com','913','2018-10-03'),(914,'Alix','Ranaghan',914,'aranaghanpd@buzzfeed.com','914','2018-05-19'),(915,'Windham','Lyptratt',915,'wlyptrattpe@yolasite.com','915','2018-01-07'),(916,'Pip','Brandham',916,'pbrandhampf@irs.gov','916','2018-10-05'),(917,'Fremont','Downage',917,'fdownagepg@disqus.com','917','2018-08-21'),(918,'Caryl','Greensite',918,'cgreensiteph@weather.com','918','2018-12-07'),(919,'Carter','Giordano',919,'cgiordanopi@privacy.gov.au','919','2018-02-16'),(920,'Nathan','Milward',920,'nmilwardpj@google.es','920','2018-11-24'),(921,'Fredek','Fearns',921,'ffearnspk@noaa.gov','921','2018-02-27'),(922,'Neale','McDonagh',922,'nmcdonaghpl@sphinn.com','922','2018-04-01'),(923,'Pietrek','Gasperi',923,'pgasperipm@slate.com','923','2018-12-26'),(924,'Rodney','Staton',924,'rstatonpn@prweb.com','924','2018-10-20'),(925,'Wilek','Druery',925,'wdruerypo@shop-pro.jp','925','2018-08-13'),(926,'Cobb','Millgate',926,'cmillgatepp@rediff.com','926','2018-10-17'),(927,'Kim','Muselli',927,'kmusellipq@godaddy.com','927','2018-03-03'),(928,'Benjy','Fendley',928,'bfendleypr@wikipedia.org','928','2018-07-07'),(929,'Forester','Inglish',929,'finglishps@weebly.com','929','2018-11-18'),(930,'Tucky','Trevena',930,'ttrevenapt@yolasite.com','930','2018-03-13'),(931,'Cleon','De Carolis',931,'cdecarolispu@msn.com','931','2018-08-27'),(932,'Gun','Saylor',932,'gsaylorpv@microsoft.com','932','2018-08-03'),(933,'Elwyn','Riddiough',933,'eriddioughpw@yahoo.com','933','2018-07-14'),(934,'Clemmy','Vaugham',934,'cvaughampx@sakura.ne.jp','934','2018-08-05'),(935,'Vaclav','Tembey',935,'vtembeypy@4shared.com','935','2018-02-20'),(936,'Flemming','Lathee',936,'flatheepz@europa.eu','936','2018-09-02'),(937,'Jamison','Mickelwright',937,'jmickelwrightq0@wired.com','937','2018-08-18'),(938,'Dionisio','Pulster',938,'dpulsterq1@columbia.edu','938','2018-06-10'),(939,'Any','Trevers',939,'atreversq2@wix.com','939','2018-05-18'),(940,'Hillier','Denney',940,'hdenneyq3@fda.gov','940','2018-09-10'),(941,'Towny','Frenchum',941,'tfrenchumq4@soup.io','941','2018-11-25'),(942,'Harv','Winspire',942,'hwinspireq5@discuz.net','942','2018-03-27'),(943,'Mervin','Balchen',943,'mbalchenq6@independent.co.uk','943','2018-04-24'),(944,'Tarrance','Segebrecht',944,'tsegebrechtq7@hp.com','944','2018-08-07'),(945,'Neron','Barbrook',945,'nbarbrookq8@canalblog.com','945','2018-10-14'),(946,'Cointon','Bourthouloume',946,'cbourthouloumeq9@bbb.org','946','2018-11-19'),(947,'Mick','McCaskill',947,'mmccaskillqa@scribd.com','947','2018-04-28'),(948,'Aldis','Fibbens',948,'afibbensqb@ocn.ne.jp','948','2018-07-04'),(949,'Kev','Emlen',949,'kemlenqc@webmd.com','949','2018-07-07'),(950,'Hammad','Bortolotti',950,'hbortolottiqd@psu.edu','950','2018-04-21'),(951,'Car','Blazi',951,'cblaziqe@e-recht24.de','951','2018-02-25'),(952,'Flory','Gheorghe',952,'fgheorgheqf@exblog.jp','952','2018-01-25'),(953,'Delaney','Husthwaite',953,'dhusthwaiteqg@photobucket.com','953','2018-12-25'),(954,'Devin','McConnal',954,'dmcconnalqh@sitemeter.com','954','2018-05-08'),(955,'Billy','Woolam',955,'bwoolamqi@webeden.co.uk','955','2018-08-05'),(956,'Fee','Oswal',956,'foswalqj@purevolume.com','956','2018-12-11'),(957,'Phillipp','Dyka',957,'pdykaqk@nymag.com','957','2018-11-26'),(958,'Richmound','Tredger',958,'rtredgerql@weather.com','958','2018-06-20'),(959,'Graehme','Bowater',959,'gbowaterqm@bbc.co.uk','959','2018-03-12'),(960,'Aleksandr','Lough',960,'aloughqn@drupal.org','960','2018-11-12'),(961,'Jake','Eldrid',961,'jeldridqo@mediafire.com','961','2018-06-08'),(962,'Iver','Paolacci',962,'ipaolacciqp@census.gov','962','2018-06-22'),(963,'Jose','Boland',963,'jbolandqq@guardian.co.uk','963','2018-11-29'),(964,'Goddard','Townby',964,'gtownbyqr@arizona.edu','964','2018-06-25'),(965,'Egbert','Cornbill',965,'ecornbillqs@people.com.cn','965','2018-07-03'),(966,'Kennett','Halgarth',966,'khalgarthqt@weebly.com','966','2018-04-10'),(967,'Aleksandr','Deackes',967,'adeackesqu@discovery.com','967','2018-12-22'),(968,'Lazarus','Corneliussen',968,'lcorneliussenqv@google.it','968','2018-01-15'),(969,'Estevan','Ruberti',969,'erubertiqw@reference.com','969','2018-08-06'),(970,'Arney','Orts',970,'aortsqx@soup.io','970','2018-01-30'),(971,'Dallon','Greyes',971,'dgreyesqy@mit.edu','971','2018-12-05'),(972,'Shea','Morales',972,'smoralesqz@nyu.edu','972','2018-06-25'),(973,'Ralf','Humby',973,'rhumbyr0@archive.org','973','2018-05-10'),(974,'Basilius','Pettyfar',974,'bpettyfarr1@trellian.com','974','2018-04-29'),(975,'Kristofer','Hauck',975,'khauckr2@house.gov','975','2018-06-24'),(976,'Andie','Shugg',976,'ashuggr3@ebay.co.uk','976','2018-07-05'),(977,'Edik','Cardall',977,'ecardallr4@rambler.ru','977','2018-11-17'),(978,'Erny','Rabl',978,'erablr5@tiny.cc','978','2018-06-01'),(979,'Mathias','Dannehl',979,'mdannehlr6@washingtonpost.com','979','2018-06-06'),(980,'Luce','Jeynes',980,'ljeynesr7@telegraph.co.uk','980','2018-11-06'),(981,'Barron','Mickleburgh',981,'bmickleburghr8@smh.com.au','981','2018-02-01'),(982,'Lorne','Washtell',982,'lwashtellr9@eepurl.com','982','2018-04-01'),(983,'Jereme','Romei',983,'jromeira@businessweek.com','983','2018-08-29'),(984,'Sauncho','Thornham',984,'sthornhamrb@nytimes.com','984','2018-09-06'),(985,'Hewitt','Karet',985,'hkaretrc@paginegialle.it','985','2018-06-27'),(986,'Ezequiel','Grishukhin',986,'egrishukhinrd@ebay.com','986','2018-08-30'),(987,'Aharon','Gullan',987,'agullanre@google.com.au','987','2018-08-14'),(988,'Jaymie','Menhenitt',988,'jmenhenittrf@goo.gl','988','2018-01-18'),(989,'Corey','Sheffield',989,'csheffieldrg@bloglovin.com','989','2018-04-27'),(990,'Rikki','Blazewicz',990,'rblazewiczrh@berkeley.edu','990','2018-11-18'),(991,'Myles','Sidlow',991,'msidlowri@linkedin.com','991','2018-05-03'),(992,'Bob','Gronowe',992,'bgronowerj@twitter.com','992','2018-10-25'),(993,'Kristian','Whimp',993,'kwhimprk@deviantart.com','993','2018-05-10'),(994,'Gherardo','Muff',994,'gmuffrl@ucsd.edu','994','2018-09-14'),(995,'Felice','Bruineman',995,'fbruinemanrm@cloudflare.com','995','2018-05-25'),(996,'Dene','Callis',996,'dcallisrn@google.com.au','996','2018-05-13'),(997,'Hazlett','Sissel',997,'hsisselro@adobe.com','997','2018-05-01'),(998,'Waring','Cale',998,'wcalerp@noaa.gov','998','2018-07-09'),(999,'Cesare','Merwede',999,'cmerwederq@eventbrite.com','999','2018-12-09'),(1000,'Padriac','Dulin',1000,'pdulinrr@soundcloud.com','1000','2018-07-13');
/*!40000 ALTER TABLE `customers` ENABLE KEYS */;
UNLOCK TABLES;

--
-- Table structure for table `orders`
--

DROP TABLE IF EXISTS `orders`;
/*!40101 SET @saved_cs_client     = @@character_set_client */;
 SET character_set_client = utf8mb4 ;
CREATE TABLE `orders` (
  `order_id` int(11) NOT NULL,
  `customer_id` varchar(4) NOT NULL,
  `product_id` varchar(4) NOT NULL,
  `staff_id` varchar(4) NOT NULL,
  `amount` int(11) DEFAULT NULL,
  `order_date` date DEFAULT NULL,
  PRIMARY KEY (`order_id`)
) ENGINE=InnoDB DEFAULT CHARSET=utf8mb4 COLLATE=utf8mb4_0900_ai_ci;
/*!40101 SET character_set_client = @saved_cs_client */;

--
-- Dumping data for table `orders`
--

LOCK TABLES `orders` WRITE;
/*!40000 ALTER TABLE `orders` DISABLE KEYS */;
INSERT INTO `orders` VALUES (1,'985','90','9',43,'2018-07-03'),(2,'337','2','4',30,'2018-09-05'),(3,'998','43','2',25,'2018-03-27'),(4,'167','12','10',36,'2018-01-12'),(5,'158','54','9',28,'2018-06-07'),(6,'310','13','11',37,'2018-05-09'),(7,'362','53','14',29,'2018-11-14'),(8,'294','68','7',28,'2018-06-25'),(9,'973','93','2',9,'2018-05-05'),(10,'23','78','17',30,'2018-05-05'),(11,'470','74','6',20,'2018-03-03'),(12,'520','4','9',16,'2018-02-12'),(13,'571','8','11',7,'2018-06-16'),(14,'801','65','10',23,'2018-07-22'),(15,'442','24','5',12,'2018-06-30'),(16,'600','55','3',24,'2018-09-22'),(17,'417','35','10',39,'2018-08-04'),(18,'831','94','19',49,'2018-12-30'),(19,'685','24','13',30,'2018-05-24'),(20,'738','6','15',48,'2018-12-05'),(21,'831','20','15',35,'2018-11-11'),(22,'208','56','5',18,'2018-12-05'),(23,'944','27','2',18,'2018-07-09'),(24,'984','24','12',47,'2018-09-21'),(25,'302','99','20',10,'2018-11-25'),(26,'297','93','2',37,'2018-08-20'),(27,'911','21','11',41,'2018-01-11'),(28,'533','50','9',28,'2018-08-19'),(29,'237','66','1',6,'2018-07-31'),(30,'92','94','9',45,'2018-12-23'),(31,'210','85','2',34,'2018-05-30'),(32,'348','9','20',9,'2018-04-26'),(33,'478','73','18',28,'2018-05-28'),(34,'310','60','11',47,'2018-04-13'),(35,'104','83','4',10,'2018-11-21'),(36,'408','20','19',28,'2018-04-27'),(37,'462','68','9',5,'2018-01-23'),(38,'823','31','17',5,'2018-07-10'),(39,'363','73','5',4,'2018-03-05'),(40,'422','63','14',15,'2018-02-17'),(41,'578','49','4',44,'2018-03-04'),(42,'566','30','13',44,'2018-03-30'),(43,'292','78','7',38,'2018-08-06'),(44,'717','59','10',20,'2018-08-01'),(45,'860','98','20',38,'2018-01-23'),(46,'878','49','4',7,'2018-09-02'),(47,'64','93','4',10,'2018-10-10'),(48,'721','92','20',33,'2018-01-02'),(49,'782','15','6',30,'2018-07-31'),(50,'495','59','8',2,'2018-03-28'),(51,'92','61','10',1,'2018-04-15'),(52,'349','43','19',41,'2018-01-18'),(53,'889','35','10',15,'2018-11-01'),(54,'897','95','4',49,'2018-12-21'),(55,'860','8','5',22,'2018-08-04'),(56,'704','92','16',38,'2018-11-03'),(57,'131','52','18',32,'2018-09-04'),(58,'614','52','10',9,'2018-07-10'),(59,'197','45','1',32,'2018-04-25'),(60,'48','99','18',37,'2018-07-03'),(61,'467','90','1',32,'2018-04-14'),(62,'164','55','16',49,'2018-02-26'),(63,'642','1','12',16,'2018-10-03'),(64,'921','36','3',29,'2018-11-21'),(65,'448','80','20',44,'2018-04-26'),(66,'830','46','20',37,'2018-02-01'),(67,'385','80','7',25,'2018-05-28'),(68,'419','5','14',28,'2018-04-23'),(69,'339','70','10',31,'2018-07-12'),(70,'434','52','3',28,'2018-03-26'),(71,'845','73','19',1,'2018-01-06'),(72,'430','7','3',15,'2018-03-22'),(73,'826','23','3',41,'2018-03-13'),(74,'16','61','6',7,'2018-07-20'),(75,'704','85','7',12,'2018-11-01'),(76,'162','76','2',40,'2018-03-04'),(77,'633','64','2',39,'2018-12-02'),(78,'841','30','7',8,'2018-06-20'),(79,'618','63','15',21,'2018-07-22'),(80,'64','31','4',2,'2018-09-15'),(81,'455','91','20',34,'2018-08-04'),(82,'678','78','15',39,'2018-07-14'),(83,'602','14','18',8,'2018-05-22'),(84,'880','34','8',1,'2018-04-22'),(85,'176','7','20',7,'2018-04-30'),(86,'525','75','14',30,'2018-12-31'),(87,'76','52','10',35,'2018-05-10'),(88,'925','90','14',14,'2018-04-02'),(89,'183','37','18',50,'2018-11-22'),(90,'909','39','2',17,'2018-02-14'),(91,'204','22','4',25,'2018-04-22'),(92,'518','82','9',5,'2018-03-25'),(93,'797','96','5',1,'2018-09-17'),(94,'635','2','18',39,'2018-06-20'),(95,'330','46','7',25,'2018-04-21'),(96,'392','36','2',12,'2018-12-30'),(97,'800','82','11',26,'2018-04-26'),(98,'260','80','20',38,'2018-05-14'),(99,'775','20','16',38,'2018-04-09'),(100,'351','37','1',50,'2018-09-02'),(101,'748','10','17',16,'2018-10-06'),(102,'181','81','10',43,'2018-06-25'),(103,'902','59','6',50,'2018-08-10'),(104,'143','39','17',36,'2018-07-31'),(105,'70','54','3',17,'2018-04-12'),(106,'145','15','17',10,'2018-04-15'),(107,'493','29','13',38,'2018-12-09'),(108,'303','92','11',1,'2018-09-13'),(109,'898','3','6',13,'2018-06-03'),(110,'574','41','7',35,'2018-08-10'),(111,'801','56','9',39,'2018-08-22'),(112,'796','68','11',14,'2018-05-12'),(113,'770','11','19',30,'2018-09-09'),(114,'370','40','16',41,'2018-07-07'),(115,'243','66','16',41,'2018-06-20'),(116,'706','18','5',13,'2018-07-27'),(117,'665','36','19',48,'2018-04-02'),(118,'551','92','18',17,'2018-03-01'),(119,'720','1','6',32,'2018-04-17'),(120,'979','61','8',28,'2018-04-23'),(121,'517','26','7',37,'2018-02-01'),(122,'326','11','18',25,'2018-05-05'),(123,'291','5','17',12,'2018-04-29'),(124,'910','42','14',12,'2018-06-10'),(125,'380','4','9',47,'2018-05-11'),(126,'845','98','10',8,'2018-11-24'),(127,'580','10','5',4,'2018-06-12'),(128,'867','5','6',28,'2018-03-26'),(129,'379','58','4',47,'2018-06-23'),(130,'592','37','20',6,'2018-03-01'),(131,'877','79','5',2,'2018-04-25'),(132,'115','49','13',42,'2018-10-14'),(133,'568','55','4',39,'2018-03-24'),(134,'511','15','20',2,'2018-04-05'),(135,'765','29','5',38,'2018-04-19'),(136,'678','83','6',16,'2018-02-11'),(137,'256','11','12',19,'2018-05-13'),(138,'64','20','17',5,'2018-08-14'),(139,'316','12','2',36,'2018-06-21'),(140,'805','27','12',41,'2018-03-16'),(141,'559','68','19',13,'2018-01-19'),(142,'470','92','6',28,'2018-07-30'),(143,'376','96','8',21,'2018-10-20'),(144,'153','78','9',23,'2018-09-21'),(145,'184','30','18',50,'2018-08-07'),(146,'755','10','16',35,'2018-10-03'),(147,'807','14','2',4,'2018-11-13'),(148,'294','37','10',22,'2018-07-29'),(149,'185','61','1',46,'2018-09-25'),(150,'453','42','11',2,'2018-02-16'),(151,'485','34','19',3,'2018-08-14'),(152,'16','84','19',9,'2018-04-08'),(153,'131','1','16',22,'2018-02-06'),(154,'79','44','12',35,'2018-07-31'),(155,'159','92','4',46,'2018-10-27'),(156,'820','85','5',6,'2018-07-23'),(157,'783','48','12',15,'2018-08-30'),(158,'59','74','4',6,'2018-04-17'),(159,'107','6','8',3,'2018-08-08'),(160,'569','66','4',31,'2018-09-11'),(161,'873','71','4',15,'2018-09-15'),(162,'361','94','14',46,'2018-05-13'),(163,'502','41','6',40,'2018-08-09'),(164,'787','78','19',26,'2018-02-18'),(165,'792','49','11',6,'2018-03-25'),(166,'951','76','10',9,'2018-08-19'),(167,'704','17','6',38,'2018-02-03'),(168,'175','41','8',23,'2018-05-08'),(169,'34','2','12',48,'2018-08-29'),(170,'632','43','4',50,'2018-03-12'),(171,'404','58','1',30,'2018-11-30'),(172,'216','97','11',50,'2018-11-08'),(173,'111','86','14',2,'2018-04-28'),(174,'334','58','15',36,'2018-03-23'),(175,'254','85','15',18,'2018-07-26'),(176,'878','44','13',31,'2018-04-03'),(177,'11','69','17',5,'2018-02-20'),(178,'280','75','15',45,'2018-08-08'),(179,'379','21','6',33,'2018-08-28'),(180,'886','3','7',50,'2018-07-13'),(181,'347','87','7',9,'2018-11-14'),(182,'392','43','4',22,'2018-11-11'),(183,'147','69','3',25,'2018-03-12'),(184,'262','79','14',14,'2018-02-10'),(185,'894','63','18',39,'2018-06-02'),(186,'39','50','16',31,'2018-06-30'),(187,'591','92','1',44,'2018-06-30'),(188,'852','2','12',15,'2018-08-19'),(189,'213','86','18',47,'2018-10-26'),(190,'770','4','2',33,'2018-08-26'),(191,'217','83','2',16,'2018-04-11'),(192,'990','30','13',2,'2018-06-10'),(193,'748','91','6',40,'2018-11-01'),(194,'829','54','16',27,'2018-04-18'),(195,'188','13','7',49,'2018-06-26'),(196,'376','14','6',50,'2018-02-17'),(197,'214','77','16',29,'2018-12-23'),(198,'30','30','16',33,'2018-06-17'),(199,'622','21','19',15,'2018-08-08'),(200,'158','8','15',41,'2018-04-20'),(201,'519','26','13',36,'2018-05-05'),(202,'974','52','9',19,'2018-11-25'),(203,'719','34','7',50,'2018-05-07'),(204,'82','63','9',31,'2018-11-08'),(205,'869','18','11',38,'2018-08-24'),(206,'558','53','13',12,'2018-12-12'),(207,'313','3','8',1,'2018-05-06'),(208,'818','24','14',1,'2018-05-22'),(209,'425','74','20',30,'2018-02-14'),(210,'83','96','8',12,'2018-02-26'),(211,'946','72','8',46,'2018-12-05'),(212,'142','63','14',40,'2018-09-03'),(213,'407','70','1',13,'2018-03-27'),(214,'964','19','12',24,'2018-06-20'),(215,'753','61','11',20,'2018-10-13'),(216,'145','40','10',47,'2018-11-19'),(217,'326','88','8',3,'2018-04-08'),(218,'943','45','10',24,'2018-07-27'),(219,'998','88','2',5,'2018-08-27'),(220,'412','93','15',11,'2018-05-04'),(221,'737','12','9',10,'2018-02-23'),(222,'919','65','16',42,'2018-12-08'),(223,'83','73','20',28,'2018-08-13'),(224,'955','75','3',42,'2018-02-26'),(225,'676','4','8',40,'2018-11-30'),(226,'385','94','14',38,'2018-06-17'),(227,'936','60','15',2,'2018-10-27'),(228,'834','30','5',2,'2018-04-04'),(229,'260','100','6',24,'2018-05-21'),(230,'446','70','2',2,'2018-11-13'),(231,'736','72','8',27,'2018-04-15'),(232,'66','43','15',6,'2018-06-09'),(233,'300','75','17',47,'2018-01-22'),(234,'366','61','17',27,'2018-12-18'),(235,'601','58','5',19,'2018-12-24'),(236,'369','45','13',27,'2018-12-05'),(237,'211','53','5',31,'2018-10-05'),(238,'216','37','11',41,'2018-09-14'),(239,'980','13','14',13,'2018-06-08'),(240,'530','43','9',9,'2018-08-05'),(241,'509','56','10',20,'2018-12-23'),(242,'624','72','10',28,'2018-03-27'),(243,'201','89','1',21,'2018-03-17'),(244,'804','25','10',2,'2018-09-02'),(245,'933','54','17',48,'2018-12-13'),(246,'860','72','2',38,'2018-03-25'),(247,'493','13','4',17,'2018-08-15'),(248,'782','55','7',17,'2018-03-07'),(249,'952','95','4',9,'2018-10-29'),(250,'145','94','3',7,'2018-11-23'),(251,'651','58','17',17,'2018-08-09'),(252,'731','45','17',9,'2018-05-16'),(253,'407','46','9',50,'2018-07-20'),(254,'134','98','7',48,'2018-07-14'),(255,'593','23','5',12,'2018-12-30'),(256,'239','36','13',17,'2018-09-16'),(257,'555','91','12',45,'2018-07-03'),(258,'63','59','11',23,'2018-02-16'),(259,'448','93','14',3,'2018-08-08'),(260,'143','63','3',29,'2018-02-19'),(261,'150','46','8',31,'2018-06-13'),(262,'469','48','4',2,'2018-03-13'),(263,'489','7','13',38,'2018-10-19'),(264,'423','64','20',35,'2018-12-24'),(265,'169','93','10',7,'2018-08-22'),(266,'437','10','1',25,'2018-12-07'),(267,'815','20','2',34,'2018-03-08'),(268,'194','89','17',6,'2018-09-24'),(269,'490','81','1',41,'2018-03-24'),(270,'687','24','14',46,'2018-12-21'),(271,'198','10','9',38,'2018-11-28'),(272,'284','20','3',45,'2018-02-04'),(273,'940','27','13',22,'2018-12-19'),(274,'703','93','16',46,'2018-09-19'),(275,'759','12','10',44,'2018-08-27'),(276,'464','28','3',32,'2018-03-19'),(277,'60','99','19',38,'2018-05-22'),(278,'265','87','10',20,'2018-09-07'),(279,'961','54','18',7,'2018-08-06'),(280,'714','56','13',7,'2018-12-11'),(281,'253','26','3',36,'2018-01-25'),(282,'69','33','9',8,'2018-03-11'),(283,'839','58','8',45,'2018-12-11'),(284,'865','79','7',23,'2018-05-02'),(285,'61','18','6',29,'2018-03-21'),(286,'221','25','10',21,'2018-02-19'),(287,'473','90','9',15,'2018-03-01'),(288,'958','51','8',29,'2018-04-04'),(289,'127','46','12',7,'2018-05-12'),(290,'334','52','13',33,'2018-06-12'),(291,'334','22','7',42,'2018-06-15'),(292,'48','97','8',8,'2018-10-21'),(293,'792','92','6',38,'2018-06-02'),(294,'283','14','3',31,'2018-12-26'),(295,'47','79','5',26,'2018-01-27'),(296,'40','42','19',48,'2018-03-26'),(297,'1000','50','4',38,'2018-08-22'),(298,'371','29','11',20,'2018-09-05'),(299,'956','23','11',4,'2018-05-20'),(300,'915','65','14',26,'2018-07-02'),(301,'764','55','7',9,'2018-03-06'),(302,'62','93','1',30,'2018-05-26'),(303,'633','38','6',34,'2018-05-08'),(304,'827','19','15',29,'2018-06-24'),(305,'80','49','1',46,'2018-01-25'),(306,'394','95','10',31,'2018-06-03'),(307,'988','12','19',24,'2018-06-22'),(308,'992','11','15',3,'2018-05-13'),(309,'321','62','13',7,'2018-12-17'),(310,'863','45','16',20,'2018-12-22'),(311,'916','51','17',23,'2018-11-26'),(312,'527','40','7',9,'2018-11-06'),(313,'865','72','16',26,'2018-09-30'),(314,'486','57','10',47,'2018-07-31'),(315,'432','63','14',43,'2018-10-09'),(316,'770','14','5',23,'2018-03-07'),(317,'717','100','3',34,'2018-07-22'),(318,'823','23','7',40,'2018-06-25'),(319,'971','8','11',29,'2018-03-17'),(320,'82','6','13',11,'2018-11-24'),(321,'450','35','9',20,'2018-12-19'),(322,'875','28','4',32,'2018-10-13'),(323,'16','35','9',16,'2018-10-08'),(324,'155','38','13',22,'2018-08-25'),(325,'28','29','5',38,'2018-05-30'),(326,'276','54','20',22,'2018-05-14'),(327,'901','1','4',24,'2018-06-12'),(328,'575','66','17',19,'2018-09-08'),(329,'487','82','1',30,'2018-01-06'),(330,'463','24','9',19,'2018-07-28'),(331,'49','6','14',13,'2018-10-07'),(332,'115','17','19',11,'2018-10-21'),(333,'737','81','5',36,'2018-05-30'),(334,'777','33','17',12,'2018-06-06'),(335,'875','14','5',23,'2018-07-06'),(336,'289','65','9',16,'2018-04-23'),(337,'864','58','6',14,'2018-05-20'),(338,'494','91','7',22,'2018-12-02'),(339,'91','35','6',30,'2018-10-24'),(340,'857','8','20',29,'2018-05-02'),(341,'272','14','18',20,'2018-04-23'),(342,'490','32','15',22,'2018-02-26'),(343,'412','92','7',10,'2018-09-29'),(344,'428','72','6',40,'2018-01-19'),(345,'427','50','2',37,'2018-10-12'),(346,'478','77','7',32,'2018-06-16'),(347,'746','39','9',12,'2018-05-03'),(348,'116','81','5',37,'2018-09-21'),(349,'838','49','16',24,'2018-06-03'),(350,'498','66','1',48,'2018-06-01'),(351,'188','89','12',14,'2018-06-13'),(352,'362','6','13',16,'2018-06-17'),(353,'754','29','2',30,'2018-08-23'),(354,'281','1','14',7,'2018-06-20'),(355,'404','90','17',48,'2018-03-09'),(356,'85','4','4',37,'2018-05-28'),(357,'181','83','18',7,'2018-04-17'),(358,'922','30','13',31,'2018-10-11'),(359,'682','13','15',17,'2018-03-31'),(360,'822','37','16',29,'2018-08-12'),(361,'70','66','11',9,'2018-06-21'),(362,'692','22','20',33,'2018-11-17'),(363,'857','40','18',49,'2018-11-09'),(364,'462','56','18',34,'2018-11-29'),(365,'1000','9','7',20,'2018-12-13'),(366,'404','2','12',19,'2018-03-14'),(367,'593','34','3',26,'2018-03-22'),(368,'130','79','18',27,'2018-01-10'),(369,'909','83','15',26,'2018-01-31'),(370,'249','31','3',35,'2018-04-25'),(371,'226','50','11',49,'2018-03-08'),(372,'736','99','13',48,'2018-08-02'),(373,'608','70','1',19,'2018-06-23'),(374,'321','84','20',43,'2018-09-20'),(375,'693','70','11',23,'2018-11-20'),(376,'436','49','7',17,'2018-03-14'),(377,'138','83','13',28,'2018-07-23'),(378,'519','34','4',41,'2018-08-24'),(379,'258','63','2',39,'2018-11-26'),(380,'106','90','16',43,'2018-10-15'),(381,'516','1','2',6,'2018-04-30'),(382,'115','82','3',18,'2018-04-23'),(383,'685','18','19',22,'2018-08-05'),(384,'575','94','3',45,'2018-01-26'),(385,'381','71','12',41,'2018-08-18'),(386,'293','77','20',38,'2018-05-08'),(387,'537','44','4',16,'2018-06-23'),(388,'663','94','11',28,'2018-08-14'),(389,'862','3','4',26,'2018-11-10'),(390,'778','13','13',8,'2018-08-28'),(391,'606','64','10',32,'2018-06-01'),(392,'133','23','8',12,'2018-05-06'),(393,'159','45','3',13,'2018-10-29'),(394,'646','42','16',46,'2018-06-09'),(395,'592','86','14',8,'2018-07-14'),(396,'357','49','13',25,'2018-08-28'),(397,'893','2','12',40,'2018-07-26'),(398,'61','26','2',12,'2018-04-26'),(399,'201','3','4',9,'2018-01-03'),(400,'985','36','16',3,'2018-01-13'),(401,'154','92','7',7,'2018-10-10'),(402,'368','82','3',29,'2018-12-25'),(403,'588','100','10',5,'2018-08-19'),(404,'664','15','10',5,'2018-09-20'),(405,'565','82','13',11,'2018-08-10'),(406,'638','28','3',9,'2018-04-28'),(407,'724','90','10',13,'2018-05-13'),(408,'20','8','13',9,'2018-02-28'),(409,'642','55','17',49,'2018-02-20'),(410,'360','21','15',17,'2018-03-10'),(411,'547','13','7',7,'2018-10-25'),(412,'185','28','8',44,'2018-07-23'),(413,'390','33','14',23,'2018-07-04'),(414,'318','100','16',4,'2018-11-06'),(415,'372','74','15',19,'2018-01-16'),(416,'788','79','14',27,'2018-04-12'),(417,'910','86','20',50,'2018-02-17'),(418,'828','2','9',49,'2018-06-14'),(419,'590','73','17',14,'2018-07-06'),(420,'79','72','7',7,'2018-05-22'),(421,'276','65','2',18,'2018-06-10'),(422,'660','55','17',33,'2018-08-24'),(423,'303','85','6',13,'2018-05-12'),(424,'624','45','12',28,'2018-03-21'),(425,'847','8','14',5,'2018-09-02'),(426,'195','61','10',3,'2018-08-12'),(427,'630','39','11',32,'2018-05-21'),(428,'156','88','9',45,'2018-08-29'),(429,'690','59','6',32,'2018-02-26'),(430,'984','30','20',18,'2018-03-21'),(431,'804','42','12',38,'2018-07-13'),(432,'794','42','12',35,'2018-11-25'),(433,'656','73','11',19,'2018-11-12'),(434,'584','83','9',16,'2018-10-21'),(435,'559','32','9',7,'2018-12-28'),(436,'165','44','7',38,'2018-03-10'),(437,'36','5','7',29,'2018-12-04'),(438,'293','43','11',6,'2018-08-18'),(439,'688','56','20',9,'2018-03-19'),(440,'479','61','7',6,'2018-07-31'),(441,'410','21','9',29,'2018-11-03'),(442,'705','77','10',13,'2018-01-24'),(443,'883','86','3',36,'2018-09-27'),(444,'724','58','8',34,'2018-04-22'),(445,'491','4','18',31,'2018-09-08'),(446,'68','46','10',40,'2018-07-19'),(447,'900','49','3',32,'2018-07-30'),(448,'473','58','5',50,'2018-12-16'),(449,'671','87','10',10,'2018-02-25'),(450,'252','21','14',50,'2018-08-22'),(451,'170','4','13',30,'2018-02-18'),(452,'401','85','17',43,'2018-03-07'),(453,'914','50','19',26,'2018-09-29'),(454,'240','67','12',24,'2018-02-15'),(455,'151','79','16',9,'2018-08-29'),(456,'739','39','18',38,'2018-10-24'),(457,'879','1','20',33,'2018-03-05'),(458,'844','83','14',7,'2018-03-01'),(459,'793','71','6',29,'2018-09-29'),(460,'214','14','20',27,'2018-08-11'),(461,'415','75','14',19,'2018-07-19'),(462,'653','91','7',20,'2018-03-27'),(463,'105','14','13',4,'2018-05-31'),(464,'959','5','9',48,'2018-01-25'),(465,'92','75','5',47,'2018-10-27'),(466,'14','80','9',3,'2018-10-10'),(467,'101','20','10',26,'2018-07-06'),(468,'51','41','7',8,'2018-10-08'),(469,'352','86','5',4,'2018-01-02'),(470,'454','93','12',35,'2018-12-31'),(471,'151','16','1',5,'2018-02-16'),(472,'776','70','6',16,'2018-08-21'),(473,'91','88','16',35,'2018-08-29'),(474,'921','31','8',17,'2018-12-21'),(475,'899','15','16',10,'2018-02-21'),(476,'53','49','18',48,'2018-08-06'),(477,'918','52','15',10,'2018-08-04'),(478,'660','23','17',5,'2018-09-17'),(479,'658','34','15',26,'2018-11-04'),(480,'826','54','3',47,'2018-10-06'),(481,'340','61','10',43,'2018-01-03'),(482,'706','75','2',3,'2018-09-28'),(483,'526','53','13',12,'2018-08-28'),(484,'687','71','4',8,'2018-02-13'),(485,'799','23','7',26,'2018-03-10'),(486,'297','3','6',20,'2018-01-15'),(487,'62','98','9',37,'2018-01-28'),(488,'624','38','15',41,'2018-09-11'),(489,'344','86','3',5,'2018-01-21'),(490,'502','44','1',22,'2018-05-20'),(491,'248','65','18',35,'2018-03-12'),(492,'11','66','6',39,'2018-07-30'),(493,'456','32','1',41,'2018-10-21'),(494,'943','67','11',10,'2018-05-13'),(495,'244','28','19',50,'2018-08-21'),(496,'466','56','3',44,'2018-11-28'),(497,'340','3','13',15,'2018-12-10'),(498,'874','21','19',27,'2018-10-27'),(499,'136','100','12',19,'2018-06-24'),(500,'272','51','6',11,'2018-04-11'),(501,'299','69','18',5,'2019-04-18');
/*!40000 ALTER TABLE `orders` ENABLE KEYS */;
UNLOCK TABLES;

--
-- Table structure for table `payments`
--

DROP TABLE IF EXISTS `payments`;
/*!40101 SET @saved_cs_client     = @@character_set_client */;
 SET character_set_client = utf8mb4 ;
CREATE TABLE `payments` (
  `payment_id` int(11) NOT NULL,
  `staff_id` int(11) DEFAULT NULL,
  `order_id` int(11) DEFAULT NULL,
  `amount_paid` decimal(10,0) DEFAULT NULL,
  `amount_owing` decimal(10,0) DEFAULT NULL,
  `last_update` date DEFAULT NULL,
  PRIMARY KEY (`payment_id`),
  KEY `order_id` (`order_id`),
  KEY `fk_staff_id` (`staff_id`),
  CONSTRAINT `fk_staff_id` FOREIGN KEY (`staff_id`) REFERENCES `staff` (`staff_id`),
  CONSTRAINT `payments_ibfk_1` FOREIGN KEY (`order_id`) REFERENCES `orders` (`order_id`)
) ENGINE=InnoDB DEFAULT CHARSET=utf8mb4 COLLATE=utf8mb4_0900_ai_ci;
/*!40101 SET character_set_client = @saved_cs_client */;

--
-- Dumping data for table `payments`
--

LOCK TABLES `payments` WRITE;
/*!40000 ALTER TABLE `payments` DISABLE KEYS */;
INSERT INTO `payments` VALUES (1,19,307,26,16,'2018-03-02'),(2,9,476,40,1,'2018-12-28'),(3,1,291,37,1,'2018-11-12'),(4,2,175,85,9,'2018-11-27'),(5,17,369,98,12,'2018-10-23'),(6,12,57,64,18,'2018-12-01'),(7,16,267,48,2,'2018-12-05'),(8,7,492,35,12,'2018-01-13'),(9,13,200,69,4,'2018-07-10'),(10,19,346,89,11,'2018-03-01'),(11,20,310,42,20,'2018-01-16'),(12,10,449,21,1,'2018-06-14'),(13,18,227,70,20,'2018-08-02'),(14,10,180,85,6,'2018-07-09'),(15,16,435,81,14,'2018-05-11'),(16,8,398,74,5,'2018-03-19'),(17,19,425,47,10,'2018-10-24'),(18,5,223,98,5,'2018-03-23'),(19,9,347,76,18,'2018-07-03'),(20,10,34,76,4,'2018-03-24'),(21,5,106,89,4,'2018-08-05'),(22,17,428,54,10,'2018-08-31'),(23,8,126,92,9,'2018-09-08'),(24,18,33,77,16,'2018-12-06'),(25,13,247,28,17,'2018-11-03'),(26,4,395,85,12,'2018-12-16'),(27,14,223,90,9,'2018-03-27'),(28,1,171,27,12,'2018-04-14'),(29,15,169,77,18,'2018-06-16'),(30,17,88,31,6,'2018-06-18'),(31,8,408,20,6,'2018-01-03'),(32,5,131,40,19,'2018-01-23'),(33,3,80,46,18,'2018-10-23'),(34,17,325,34,4,'2018-02-17'),(35,8,488,32,16,'2018-01-25'),(36,13,459,62,5,'2018-10-20'),(37,20,241,81,17,'2018-02-24'),(38,1,116,39,13,'2018-09-20'),(39,17,216,25,16,'2018-06-18'),(40,18,150,77,5,'2018-06-15'),(41,20,357,73,16,'2018-08-18'),(42,4,263,38,15,'2018-12-11'),(43,2,76,52,10,'2018-08-28'),(44,17,358,44,16,'2018-02-09'),(45,1,200,39,2,'2018-09-25'),(46,16,308,83,16,'2018-01-17'),(47,8,389,74,15,'2018-07-05'),(48,15,34,47,2,'2018-08-18'),(49,7,337,47,11,'2018-11-21'),(50,9,246,37,15,'2018-11-11'),(51,7,268,58,5,'2018-12-26'),(52,20,134,64,20,'2018-05-31'),(53,9,12,21,15,'2018-09-03'),(54,9,32,60,20,'2018-08-10'),(55,12,68,47,3,'2018-09-01'),(56,17,416,81,12,'2018-04-19'),(57,11,188,46,8,'2018-01-27'),(58,17,305,24,9,'2018-09-22'),(59,5,318,71,2,'2018-06-07'),(60,2,47,27,18,'2018-07-24'),(61,12,43,75,7,'2018-06-05'),(62,6,464,61,15,'2018-10-19'),(63,5,211,27,2,'2018-07-05'),(64,6,394,64,10,'2018-05-24'),(65,13,271,99,4,'2018-05-01'),(66,19,144,92,6,'2018-12-24'),(67,12,77,40,11,'2018-05-04'),(68,13,238,72,19,'2018-01-24'),(69,18,164,40,9,'2018-06-27'),(70,1,397,37,15,'2018-04-01'),(71,3,361,63,7,'2018-08-20'),(72,9,101,96,18,'2018-01-06'),(73,18,208,35,12,'2018-11-15'),(74,10,176,57,11,'2018-06-25'),(75,20,264,43,13,'2018-03-02'),(76,14,42,54,13,'2018-11-27'),(77,1,69,66,2,'2018-03-16'),(78,2,253,99,13,'2018-10-30'),(79,12,73,35,4,'2018-09-24'),(80,18,402,58,16,'2018-12-14'),(81,4,59,76,14,'2018-03-17'),(82,11,211,51,13,'2018-02-22'),(83,18,194,30,16,'2018-06-15'),(84,5,179,44,9,'2018-03-10'),(85,7,164,95,11,'2018-03-08'),(86,5,67,49,15,'2018-04-02'),(87,17,30,73,17,'2018-10-29'),(88,11,490,73,10,'2018-04-17'),(89,2,284,82,10,'2018-07-28'),(90,20,481,21,10,'2018-05-27'),(91,10,170,53,17,'2018-01-21'),(92,16,405,47,19,'2018-02-17'),(93,1,430,54,19,'2018-08-08'),(94,18,362,50,7,'2018-09-06'),(95,14,25,48,8,'2018-01-07'),(96,3,345,75,5,'2018-06-16'),(97,20,415,40,4,'2018-10-04'),(98,4,111,80,18,'2018-12-03'),(99,5,172,23,7,'2018-03-23'),(100,5,460,95,17,'2018-09-19'),(101,17,222,97,15,'2018-12-01'),(102,13,13,77,2,'2018-12-28'),(103,6,210,77,13,'2018-03-05'),(104,15,246,41,13,'2018-03-17'),(105,12,213,65,8,'2018-08-23'),(106,19,462,57,10,'2018-03-11'),(107,20,436,60,7,'2018-01-06'),(108,17,329,40,10,'2018-01-05'),(109,4,482,58,11,'2018-05-05'),(110,14,99,84,19,'2018-12-28'),(111,4,200,89,13,'2018-02-19'),(112,18,412,36,7,'2018-10-22'),(113,4,479,57,17,'2018-06-29'),(114,7,101,30,12,'2018-09-14'),(115,19,125,64,20,'2018-04-09'),(116,8,22,48,6,'2018-09-20'),(117,1,60,59,7,'2018-03-24'),(118,2,2,78,4,'2018-04-02'),(119,18,156,51,4,'2018-06-15'),(120,8,20,47,2,'2018-03-28'),(121,7,493,76,10,'2018-08-24'),(122,7,301,69,7,'2018-01-23'),(123,11,14,64,18,'2018-06-15'),(124,5,212,26,5,'2018-07-23'),(125,2,252,78,19,'2018-12-17'),(126,14,466,42,2,'2018-10-04'),(127,18,471,91,3,'2018-05-12'),(128,13,78,95,9,'2018-06-22'),(129,16,341,28,11,'2018-12-27'),(130,17,426,91,6,'2018-02-10'),(131,11,11,54,11,'2018-06-24'),(132,20,167,43,4,'2018-08-04'),(133,16,12,64,1,'2018-07-15'),(134,4,151,47,17,'2018-11-30'),(135,2,398,24,7,'2018-04-10'),(136,18,355,86,16,'2018-02-19'),(137,17,115,58,4,'2018-09-13'),(138,8,301,58,1,'2018-09-09'),(139,17,344,69,17,'2018-08-19'),(140,13,64,28,17,'2018-10-18'),(141,12,32,79,9,'2018-02-21'),(142,5,119,93,17,'2018-09-05'),(143,13,309,56,2,'2018-02-13'),(144,2,68,98,6,'2018-06-07'),(145,19,334,35,15,'2018-01-08'),(146,19,268,55,5,'2018-05-02'),(147,1,128,100,12,'2018-01-06'),(148,4,459,34,3,'2018-11-05'),(149,13,207,66,11,'2018-04-11'),(150,18,487,20,3,'2018-01-26'),(151,3,437,45,3,'2018-01-16'),(152,10,217,34,14,'2018-06-08'),(153,12,398,35,20,'2018-11-30'),(154,17,294,86,7,'2018-11-11'),(155,7,354,41,11,'2018-02-19'),(156,5,14,99,8,'2018-04-18'),(157,5,397,79,6,'2018-03-13'),(158,8,285,66,18,'2018-05-07'),(159,5,471,30,18,'2018-05-31'),(160,18,307,83,10,'2018-09-10'),(161,6,111,58,6,'2018-10-04'),(162,16,181,25,16,'2018-05-07'),(163,7,161,54,6,'2018-05-25'),(164,6,353,73,5,'2018-04-24'),(165,1,149,93,8,'2018-06-26'),(166,20,427,54,9,'2018-01-06'),(167,10,25,72,7,'2018-08-07'),(168,9,194,21,5,'2018-11-30'),(169,9,379,44,3,'2018-09-30'),(170,3,240,39,13,'2018-05-19'),(171,8,331,99,1,'2018-11-06'),(172,2,337,36,3,'2018-12-12'),(173,1,187,72,20,'2018-07-21'),(174,15,398,27,17,'2018-06-25'),(175,19,48,95,5,'2018-06-05'),(176,1,275,60,14,'2018-04-03'),(177,7,227,26,16,'2018-10-21'),(178,17,135,44,16,'2018-02-12'),(179,4,89,87,8,'2018-08-03'),(180,18,18,34,7,'2018-01-10'),(181,7,312,47,18,'2018-10-07'),(182,3,492,68,14,'2018-05-25'),(183,7,141,35,11,'2018-11-16'),(184,6,180,99,10,'2018-09-19'),(185,1,335,57,8,'2018-01-27'),(186,5,23,41,5,'2018-07-26'),(187,8,403,92,7,'2018-07-16'),(188,3,215,47,8,'2018-10-22'),(189,19,161,72,8,'2018-07-12'),(190,1,254,84,13,'2018-02-17'),(191,10,275,64,17,'2018-05-05'),(192,13,50,37,5,'2018-08-05'),(193,5,279,79,20,'2018-01-19'),(194,16,222,44,19,'2018-08-29'),(195,20,68,86,11,'2018-02-13'),(196,11,447,89,6,'2018-05-25'),(197,6,410,68,12,'2018-09-29'),(198,7,449,40,2,'2018-09-05'),(199,8,4,48,8,'2018-03-08'),(200,6,82,52,9,'2018-01-31'),(201,8,234,64,16,'2018-03-16'),(202,9,279,53,17,'2018-07-31'),(203,15,197,67,15,'2018-03-23'),(204,11,471,100,9,'2018-05-27'),(205,8,48,63,9,'2018-03-14'),(206,17,63,41,11,'2018-11-24'),(207,18,39,64,14,'2018-03-16'),(208,20,408,51,16,'2018-09-30'),(209,4,137,61,13,'2018-06-07'),(210,9,48,54,7,'2018-06-12'),(211,12,319,80,8,'2018-07-23'),(212,8,447,36,9,'2018-10-28'),(213,3,132,89,3,'2018-09-12'),(214,19,362,43,8,'2018-04-05'),(215,5,334,57,19,'2018-06-21'),(216,11,349,74,13,'2018-10-29'),(217,5,27,60,9,'2018-09-17'),(218,6,392,90,4,'2018-09-04'),(219,16,246,29,14,'2018-09-14'),(220,5,369,56,18,'2018-09-10'),(221,10,338,92,19,'2018-01-09'),(222,15,214,66,17,'2018-03-14'),(223,6,337,53,13,'2018-08-03'),(224,3,23,24,4,'2018-06-16'),(225,16,14,81,12,'2018-12-13'),(226,17,198,78,9,'2018-06-24'),(227,14,228,72,20,'2018-04-14'),(228,13,119,48,13,'2018-11-08'),(229,5,313,61,17,'2018-06-24'),(230,15,228,48,2,'2018-02-08'),(231,12,384,24,7,'2018-05-30'),(232,17,87,81,2,'2018-04-19'),(233,5,326,76,2,'2018-12-20'),(234,8,156,24,12,'2018-11-08'),(235,10,437,78,12,'2018-05-03'),(236,9,427,69,8,'2018-11-09'),(237,18,310,52,10,'2018-06-28'),(238,2,233,20,11,'2018-10-04'),(239,9,497,69,2,'2018-05-03'),(240,15,154,30,11,'2018-09-10'),(241,5,74,87,16,'2018-01-25'),(242,7,137,49,7,'2018-01-06'),(243,8,488,55,14,'2018-01-16'),(244,4,284,95,3,'2018-07-15'),(245,17,454,57,12,'2018-07-30'),(246,19,144,47,18,'2018-08-01'),(247,19,250,92,6,'2018-01-12'),(248,9,441,33,19,'2018-10-28'),(249,15,34,91,15,'2018-11-27'),(250,7,407,74,15,'2018-11-24'),(251,4,277,59,2,'2018-12-17'),(252,12,367,21,3,'2018-05-02'),(253,19,293,96,18,'2018-05-31'),(254,12,105,99,1,'2018-03-13'),(255,12,188,87,20,'2018-10-26'),(256,18,111,70,7,'2018-12-24'),(257,19,294,74,3,'2018-05-07'),(258,18,58,99,14,'2018-11-19'),(259,10,244,89,12,'2018-03-13'),(260,12,483,74,18,'2018-01-21'),(261,12,167,23,9,'2018-10-30'),(262,11,493,57,19,'2018-02-21'),(263,6,98,80,6,'2018-09-06'),(264,17,91,60,17,'2018-02-02'),(265,20,152,28,19,'2018-11-25'),(266,19,464,24,11,'2018-08-31'),(267,7,300,63,16,'2018-09-24'),(268,15,447,87,13,'2018-11-24'),(269,11,376,61,10,'2018-03-10'),(270,14,380,26,12,'2018-04-09'),(271,6,354,68,2,'2018-07-17'),(272,11,27,49,3,'2018-12-06'),(273,14,92,31,20,'2018-01-20'),(274,19,173,39,14,'2018-03-16'),(275,2,403,32,2,'2018-04-14'),(276,12,270,34,7,'2018-08-17'),(277,4,191,43,17,'2018-03-18'),(278,7,447,26,3,'2018-12-27'),(279,7,40,44,2,'2018-11-29'),(280,14,160,80,6,'2018-07-04'),(281,4,271,62,16,'2018-05-17'),(282,17,325,76,7,'2018-06-06'),(283,11,148,53,13,'2018-07-05'),(284,10,425,99,12,'2018-05-28'),(285,9,68,50,18,'2018-12-23'),(286,7,221,90,1,'2018-01-07'),(287,10,12,57,14,'2018-04-10'),(288,12,448,82,6,'2018-09-23'),(289,19,265,87,13,'2018-11-02'),(290,6,229,32,9,'2018-04-27'),(291,17,236,54,4,'2018-06-14'),(292,8,107,28,8,'2018-03-14'),(293,7,100,70,9,'2018-05-24'),(294,6,119,86,3,'2018-10-13'),(295,11,65,46,11,'2018-07-16'),(296,12,256,31,20,'2018-08-20'),(297,2,121,20,4,'2018-01-20'),(298,14,383,33,2,'2018-01-14'),(299,2,181,61,20,'2018-02-23'),(300,13,94,81,10,'2018-08-15'),(301,14,472,79,2,'2018-02-27'),(302,10,307,74,2,'2018-01-09'),(303,12,230,28,19,'2018-08-28'),(304,12,4,55,6,'2018-09-10'),(305,18,147,57,5,'2018-12-31'),(306,7,481,36,19,'2018-09-07'),(307,8,425,95,7,'2018-01-28'),(308,5,112,58,5,'2018-06-10'),(309,13,389,40,10,'2018-09-18'),(310,5,293,43,8,'2018-07-24'),(311,13,108,95,15,'2018-01-31'),(312,18,193,87,4,'2018-06-28'),(313,20,489,85,15,'2018-05-16'),(314,14,68,58,14,'2018-04-14'),(315,11,178,47,19,'2018-01-07'),(316,13,391,84,3,'2018-08-31'),(317,4,384,35,16,'2018-05-03'),(318,15,233,33,7,'2018-08-28'),(319,20,203,36,19,'2018-11-08'),(320,2,73,56,2,'2018-03-06'),(321,6,90,79,10,'2018-06-15'),(322,10,422,46,19,'2018-07-27'),(323,13,486,26,3,'2018-10-25'),(324,19,19,51,18,'2018-12-20'),(325,10,47,41,8,'2018-05-10'),(326,11,99,30,8,'2018-06-26'),(327,18,87,63,15,'2018-12-12'),(328,20,317,65,1,'2018-09-20'),(329,4,356,44,10,'2018-10-11'),(330,10,357,31,12,'2018-11-07'),(331,5,288,96,19,'2018-08-12'),(332,14,365,66,19,'2018-11-13'),(333,6,428,21,2,'2018-07-19'),(334,12,345,32,2,'2018-12-16'),(335,14,477,38,9,'2018-03-11'),(336,14,193,80,3,'2018-01-21'),(337,5,301,24,16,'2018-11-24'),(338,2,191,74,13,'2018-10-26'),(339,3,178,31,18,'2018-02-17'),(340,12,417,67,15,'2018-07-03'),(341,12,36,79,8,'2018-01-21'),(342,1,172,54,11,'2018-05-31'),(343,16,268,94,9,'2018-12-13'),(344,16,373,83,18,'2018-10-28'),(345,8,263,49,16,'2018-04-13'),(346,3,472,80,5,'2018-04-28'),(347,9,179,36,8,'2018-09-30'),(348,16,413,62,10,'2018-12-24'),(349,12,38,48,15,'2018-10-12'),(350,5,464,45,13,'2018-08-30'),(351,3,460,22,2,'2018-11-10'),(352,14,305,60,18,'2018-05-01'),(353,20,149,51,17,'2018-06-15'),(354,18,229,49,11,'2018-07-14'),(355,16,397,83,6,'2018-10-07'),(356,13,402,76,7,'2018-07-25'),(357,1,210,57,6,'2018-09-19'),(358,8,339,21,15,'2018-09-28'),(359,17,372,53,17,'2018-08-11'),(360,19,135,73,13,'2018-06-13'),(361,4,91,97,13,'2018-04-18'),(362,5,171,20,8,'2018-07-15'),(363,11,407,21,14,'2018-11-23'),(364,11,154,98,14,'2018-06-14'),(365,15,66,63,20,'2018-11-02'),(366,12,230,21,20,'2018-10-24'),(367,13,402,46,8,'2018-12-23'),(368,8,120,98,8,'2018-04-18'),(369,6,362,100,16,'2018-03-14'),(370,12,321,21,5,'2018-03-07'),(371,3,241,92,8,'2018-09-13'),(372,1,255,25,4,'2018-02-16'),(373,4,167,93,19,'2018-06-16'),(374,9,475,72,6,'2018-05-23'),(375,3,121,32,2,'2018-02-26'),(376,17,26,89,15,'2018-10-02'),(377,5,265,36,19,'2018-10-22'),(378,6,447,46,12,'2018-03-22'),(379,11,476,24,6,'2018-02-08'),(380,14,465,77,11,'2018-09-13'),(381,19,315,68,12,'2018-01-09'),(382,7,337,40,11,'2018-12-22'),(383,4,9,100,10,'2018-07-20'),(384,5,48,50,9,'2018-01-18'),(385,2,46,68,2,'2018-12-10'),(386,5,441,55,3,'2018-03-06'),(387,2,401,81,8,'2018-09-08'),(388,6,494,49,9,'2018-11-12'),(389,10,315,41,11,'2018-09-21'),(390,20,321,77,1,'2018-08-28'),(391,20,413,74,14,'2018-02-07'),(392,18,179,82,3,'2018-12-19'),(393,3,340,30,17,'2018-01-09'),(394,17,239,21,11,'2018-05-03'),(395,11,221,66,3,'2018-05-18'),(396,8,259,100,14,'2018-10-19'),(397,16,304,71,7,'2018-02-05'),(398,18,169,53,1,'2018-04-12'),(399,7,84,62,16,'2018-06-11'),(400,15,438,76,2,'2018-07-07'),(401,15,369,33,4,'2018-04-21'),(402,4,195,72,7,'2018-03-14'),(403,5,266,82,13,'2018-01-10'),(404,9,195,77,13,'2018-07-24'),(405,15,204,80,20,'2018-08-03'),(406,18,167,25,20,'2018-09-15'),(407,19,266,20,7,'2018-03-28'),(408,18,459,43,9,'2018-10-03'),(409,18,347,44,2,'2018-06-01'),(410,15,185,93,6,'2018-12-28'),(411,16,68,96,14,'2018-02-07'),(412,12,173,79,8,'2018-08-09'),(413,13,65,81,8,'2018-08-17'),(414,20,171,41,15,'2018-05-19'),(415,18,244,64,18,'2018-08-01'),(416,17,399,21,15,'2018-03-09'),(417,11,5,89,2,'2018-01-25'),(418,1,142,71,7,'2018-09-15'),(419,1,496,66,15,'2018-12-17'),(420,2,424,87,14,'2018-01-12'),(421,4,315,75,5,'2018-07-31'),(422,2,73,87,18,'2018-04-03'),(423,8,242,28,7,'2018-04-01'),(424,7,85,42,11,'2018-12-05'),(425,1,223,63,11,'2018-07-07'),(426,10,82,36,6,'2018-12-29'),(427,7,192,66,10,'2018-02-24'),(428,20,318,80,14,'2018-04-09'),(429,10,73,34,13,'2018-10-24'),(430,7,33,54,1,'2018-04-19'),(431,5,388,32,9,'2018-01-26'),(432,20,280,76,11,'2018-02-17'),(433,9,297,100,3,'2018-08-31'),(434,1,496,26,5,'2018-03-10'),(435,4,371,22,15,'2018-04-25'),(436,3,343,59,2,'2018-11-02'),(437,15,104,63,9,'2018-09-26'),(438,17,192,35,1,'2018-07-07'),(439,1,240,38,16,'2018-03-22'),(440,3,473,80,17,'2018-12-15'),(441,11,259,21,8,'2018-02-21'),(442,18,50,20,3,'2018-10-16'),(443,7,311,98,8,'2018-08-07'),(444,6,452,37,6,'2018-07-25'),(445,19,145,45,4,'2018-10-17'),(446,15,272,41,10,'2018-04-24'),(447,16,247,34,9,'2018-02-23'),(448,3,469,22,11,'2018-10-20'),(449,20,448,35,8,'2018-11-15'),(450,6,425,66,20,'2018-12-12'),(451,2,455,22,20,'2018-08-09'),(452,18,25,98,20,'2018-06-18'),(453,5,198,24,11,'2018-05-20'),(454,11,161,27,11,'2018-05-07'),(455,13,84,84,15,'2018-07-20'),(456,7,392,24,12,'2018-05-18'),(457,14,27,74,13,'2018-08-24'),(458,3,250,96,5,'2018-06-22'),(459,4,353,89,17,'2018-08-06'),(460,20,100,71,8,'2018-11-01'),(461,2,257,92,6,'2018-10-18'),(462,19,314,56,1,'2018-06-08'),(463,13,387,64,12,'2018-05-17'),(464,7,167,96,11,'2018-04-28'),(465,4,339,86,2,'2018-07-12'),(466,8,308,21,5,'2018-08-05'),(467,3,3,47,11,'2018-06-17'),(468,3,159,78,11,'2018-10-20'),(469,16,492,85,12,'2018-12-18'),(470,2,65,22,19,'2018-01-27'),(471,4,391,49,13,'2018-10-24'),(472,7,498,75,6,'2018-03-28'),(473,20,491,83,20,'2018-03-13'),(474,14,416,38,12,'2018-07-28'),(475,2,346,99,6,'2018-05-31'),(476,18,389,70,12,'2018-11-03'),(477,4,201,83,3,'2018-03-01'),(478,13,246,85,1,'2018-08-04'),(479,5,220,78,7,'2018-08-14'),(480,19,238,88,5,'2018-06-21'),(481,6,76,62,2,'2018-11-08'),(482,3,221,96,8,'2018-06-18'),(483,7,165,70,12,'2018-01-17'),(484,13,35,56,11,'2018-02-14'),(485,3,229,85,1,'2018-07-10'),(486,5,166,55,4,'2018-08-18'),(487,4,205,96,20,'2018-04-08'),(488,6,153,78,19,'2018-07-05'),(489,20,64,54,7,'2018-01-11'),(490,2,258,99,9,'2018-04-07'),(491,12,275,44,10,'2018-11-10'),(492,17,199,97,9,'2018-08-14'),(493,17,49,72,14,'2018-11-10'),(494,7,76,41,1,'2018-01-02'),(495,19,212,55,3,'2018-12-17'),(496,14,372,31,11,'2018-10-21'),(497,17,50,73,9,'2018-05-09'),(498,18,462,75,13,'2018-03-27'),(499,20,437,86,5,'2018-07-30'),(500,13,130,21,8,'2018-10-08');
/*!40000 ALTER TABLE `payments` ENABLE KEYS */;
UNLOCK TABLES;

--
-- Table structure for table `products`
--

DROP TABLE IF EXISTS `products`;
/*!40101 SET @saved_cs_client     = @@character_set_client */;
 SET character_set_client = utf8mb4 ;
CREATE TABLE `products` (
  `product_id` int(11) NOT NULL,
  `supplier_id` int(11) NOT NULL,
  `product_category` varchar(50) DEFAULT NULL,
  `product_model` varchar(50) DEFAULT NULL,
  `retail_price` decimal(10,0) DEFAULT NULL,
  `number_in_stock` smallint(6) DEFAULT NULL,
  PRIMARY KEY (`product_id`),
  KEY `supplier_id` (`supplier_id`),
  CONSTRAINT `supplier_id` FOREIGN KEY (`supplier_id`) REFERENCES `suppliers` (`supplier_id`)
) ENGINE=InnoDB DEFAULT CHARSET=utf8mb4 COLLATE=utf8mb4_0900_ai_ci;
/*!40101 SET character_set_client = @saved_cs_client */;

--
-- Dumping data for table `products`
--

LOCK TABLES `products` WRITE;
/*!40000 ALTER TABLE `products` DISABLE KEYS */;
INSERT INTO `products` VALUES (1,17,'id turpis','Pepper - Julienne, Frozen',925,1000),(2,14,'sed magna','Sage - Rubbed',1435,100),(3,28,'curae','Scampi Tail',2697,800),(4,8,'pede','Extract - Lemon',3060,500),(5,11,'ante','Artichoke - Hearts, Canned',2060,800),(6,14,'a','Bread Roll Foccacia',3518,1000),(7,16,'dapibus','Bread - Frozen Basket Variety',1609,100),(8,22,'lacus','Bagelers - Cinn / Brown',2750,800),(9,12,'nam','Thyme - Dried',3930,900),(10,24,'semper','Lid - 3oz Med Rec',685,700),(11,3,'augue','Longos - Cheese Tortellini',4764,600),(12,2,'urna','Beef - Ox Tongue',3952,500),(13,4,'dolor','Carrots - Mini Red Organic',4627,300),(14,23,'sociis','Wine - Delicato Merlot',355,900),(15,23,'eget','Bacardi Mojito',2493,300),(16,7,'eget','Cheese - Grana Padano',2475,600),(17,22,'mi','Quail Eggs - Canned',431,500),(18,24,'turpis','Yeast Dry - Fleischman',961,500),(19,1,'sed','Vodka - Hot, Lnferno',4342,800),(20,8,'donec','Bread - Sour Batard',3658,900),(21,10,'mi','Vermouth - White, Cinzano',1403,500),(22,26,'quis','Pomello',4688,800),(23,9,'curabitur','Capon - Breast, Wing On',4326,700),(24,5,'volutpat','Wine - Rhine Riesling Wolf Blass',4349,800),(25,29,'vestibulum','Uniform Linen Charge',770,300),(26,21,'viverra','Pepper - White, Whole',4831,1000),(27,7,'diam','Dooleys Toffee',1467,200),(28,5,'ac','Steam Pan Full Lid',1253,500),(29,29,'amet','Wine - Red, Lurton Merlot De',3219,500),(30,5,'tortor','Hickory Smoke, Liquid',909,700),(31,14,'id','Cookies Cereal Nut',367,800),(32,7,'luctus','Pepper - Pablano',1132,1000),(33,30,'rutrum','Wiberg Cure',3319,500),(34,9,'luctus','Lychee - Canned',3188,800),(35,1,'faucibus','Jack Daniels',2574,600),(36,4,'sit','Bagelers - Cinn / Brown Sugar',2454,600),(37,12,'ante','Cabbage - Savoy',4846,1000),(38,24,'id','Juice - Cranberry, 341 Ml',743,700),(39,18,'luctus','Chicken Breast Wing On',2058,500),(40,14,'tortor','Wine - White, Ej Gallo',3218,500),(41,21,'luctus','Pork - Shoulder',1738,100),(42,1,'arcu','Beans - Fava Fresh',2331,100),(43,10,'odio','Pepper - Red Chili',3455,900),(44,12,'a','Beef - Striploin',1873,700),(45,9,'vivamus','Syrup - Monin, Swiss Choclate',4340,300),(46,18,'eget','Vinegar - Champagne',3223,500),(47,26,'libero','Chocolate - Mi - Amere Semi',178,200),(48,10,'pede','Gatorade - Xfactor Berry',3291,200),(49,22,'purus','Bamboo Shoots - Sliced',1483,100),(50,5,'quis','Water - Mineral, Natural',3928,100),(51,12,'vulputate','Flax Seed',2203,300),(52,21,'consequat','Muffin Batt - Blueberry Passion',3011,1000),(53,29,'quam','Stock - Veal, Brown',1352,400),(54,20,'nam','Tomatoes - Orange',954,400),(55,4,'dictumst','Veal - Tenderloin, Untrimmed',2020,200),(56,14,'ipsum','Lobster - Cooked',2724,800),(57,1,'quam','Beef - Tongue, Fresh',4731,100),(58,8,'nam','Cheese - Cheddar, Old White',4733,1000),(59,26,'ut','Table Cloth 91x91 Colour',3986,900),(60,2,'vulputate','Tray - Foam, Square 4 - S',4180,700),(61,6,'rutrum','Snapple - Iced Tea Peach',2918,100),(62,6,'parturient','Tortillas - Flour, 8',270,900),(63,9,'vestibulum','Wiberg Cure',45,200),(64,25,'sodales','Sauce - Alfredo',26,900),(65,3,'augue','Basil - Seedlings Cookstown',1705,600),(66,26,'nisi','Octopus',933,900),(67,8,'nulla','Cake - Miini Cheesecake Cherry',2340,500),(68,23,'metus','Mushrooms - Honey',1906,1000),(69,18,'lobortis','Lobster - Cooked',3678,95),(70,11,'pede','Longos - Grilled Veg Sandwiches',4540,500),(71,15,'mauris','Cake - Lemon Chiffon',1014,700),(72,6,'a','Beef Striploin Aaa',4627,500),(73,29,'lacus','Sprouts - Bean',3381,300),(74,21,'aliquam','Napkin White',1633,800),(75,2,'dui','Water - San Pellegrino',4,800),(76,8,'tortor','Energy Drink - Franks Pineapple',4254,400),(77,9,'eros','Garbag Bags - Black',875,1000),(78,20,'tortor','Bread - Sour Sticks With Onion',3699,900),(79,18,'suspendisse','Towel Dispenser',2396,300),(80,6,'eu','Chinese Foods - Plain Fried Rice',4558,900),(81,9,'facilisi','Kirsch - Schloss',1780,400),(82,18,'turpis','Veal - Insides, Grains',2550,200),(83,30,'pulvinar','Wine - Chablis J Moreau Et Fils',4888,600),(84,13,'lobortis','Bread - Roll, Calabrese',3067,1000),(85,24,'nullam','Grapes - Green',4998,200),(86,27,'non','Wine - Riesling Dr. Pauly',2154,800),(87,4,'metus','Fuji Apples',105,800),(88,29,'risus','Mousse - Passion Fruit',4774,500),(89,1,'varius','Corn Meal',1997,800),(90,25,'ut','Eggroll',3359,600),(91,18,'ac','Spinach - Baby',1782,200),(92,17,'maecenas','Bread - Bagels, Mini',3248,700),(93,22,'porta','Cleaner - Lime Away',1001,600),(94,4,'vel','Tart Shells - Barquettes, Savory',4138,800),(95,14,'eu','Plasticknivesblack',3234,500),(96,10,'purus','Wine - Sogrape Mateus Rose',4806,900),(97,12,'consectetuer','Latex Rubber Gloves Size 9',4134,800),(98,4,'duis','Bread - White, Sliced',4603,800),(99,16,'sapien','Pie Shell - 5',2973,700),(100,16,'rutrum','Food Colouring - Green',1493,1000),(101,2,'lobortis','Pastry - Butterscotch Baked',680,1000),(102,16,'posuere','Mudslide',4438,1000),(103,21,'in','Browning Caramel Glace',1825,300),(104,17,'ac','Lettuce - Sea / Sea Asparagus',1184,800),(105,29,'maecenas','Sprouts - China Rose',766,400),(106,3,'consequat','Piping - Bags Quizna',3114,900),(107,22,'ullamcorper','Sprouts - China Rose',4842,900),(108,22,'eu','Juice - Orange 1.89l',1972,300),(109,19,'non','Chambord Royal',4513,400),(110,13,'porta','Pepper - White, Whole',1513,400),(111,19,'et','White Fish - Filets',223,1000),(112,26,'massa','Sambuca - Ramazzotti',4878,700),(113,25,'eu','Sage Ground Wiberg',572,500),(114,4,'vel','Sprouts - Peppercress',3294,900),(115,4,'venenatis','Sping Loaded Cup Dispenser',2375,300),(116,4,'egestas','Grapes - Red',755,1000),(117,30,'ante','Pineapple - Golden',1399,100),(118,27,'et','Crab Meat Claw Pasteurise',1741,1000),(119,12,'sed','Capicola - Hot',467,100),(120,16,'porttitor','Cheese - Sheep Milk',464,600);
/*!40000 ALTER TABLE `products` ENABLE KEYS */;
UNLOCK TABLES;

--
-- Table structure for table `returns`
--

DROP TABLE IF EXISTS `returns`;
/*!40101 SET @saved_cs_client     = @@character_set_client */;
 SET character_set_client = utf8mb4 ;
CREATE TABLE `returns` (
  `return_id` int(11) NOT NULL,
  `order_id` int(11) DEFAULT NULL,
  `staff_id` int(11) DEFAULT NULL,
  `return_value` decimal(10,0) DEFAULT NULL,
  `return_update` date NOT NULL,
  PRIMARY KEY (`return_id`),
  KEY `order_id` (`order_id`),
  KEY `staff_id` (`staff_id`),
  CONSTRAINT `order_id` FOREIGN KEY (`order_id`) REFERENCES `orders` (`order_id`),
  CONSTRAINT `staff_id` FOREIGN KEY (`staff_id`) REFERENCES `staff` (`staff_id`)
) ENGINE=InnoDB DEFAULT CHARSET=utf8mb4 COLLATE=utf8mb4_0900_ai_ci;
/*!40101 SET character_set_client = @saved_cs_client */;

--
-- Dumping data for table `returns`
--

LOCK TABLES `returns` WRITE;
/*!40000 ALTER TABLE `returns` DISABLE KEYS */;
INSERT INTO `returns` VALUES (1,206,17,296,'2018-07-07'),(2,173,4,246,'2018-07-26'),(3,137,9,158,'2018-05-07'),(4,305,4,9,'2018-06-07'),(5,288,18,133,'2018-03-05'),(6,385,3,34,'2018-07-11'),(7,138,20,163,'2018-01-23'),(8,227,20,173,'2018-05-30'),(9,50,17,229,'2018-11-05'),(10,9,2,18,'2018-10-08'),(11,19,17,296,'2018-11-26'),(12,266,15,26,'2018-12-14'),(13,280,10,27,'2018-01-02'),(14,351,4,270,'2018-06-25'),(15,165,1,90,'2018-08-06'),(16,181,5,201,'2018-08-24'),(17,315,13,23,'2018-09-09'),(18,118,13,58,'2018-01-19'),(19,392,10,14,'2018-06-28'),(20,220,16,8,'2018-10-20'),(21,353,7,8,'2018-09-28'),(22,295,4,291,'2018-07-13'),(23,1,1,242,'2018-03-03'),(24,277,9,163,'2018-01-10'),(25,442,20,41,'2018-09-25'),(26,267,14,95,'2018-06-25'),(27,354,8,169,'2018-11-29'),(28,357,15,123,'2018-08-27'),(29,64,8,279,'2018-07-25'),(30,466,19,210,'2018-02-22'),(31,466,16,74,'2018-03-26'),(32,445,1,255,'2018-07-26'),(33,496,2,81,'2018-01-30'),(34,288,11,277,'2018-06-08'),(35,412,3,124,'2018-11-11'),(36,92,20,103,'2018-06-29'),(37,10,8,209,'2018-06-10'),(38,148,18,77,'2018-04-26'),(39,151,17,276,'2018-06-12'),(40,316,1,58,'2018-07-21'),(41,143,2,29,'2018-01-24'),(42,45,5,255,'2018-02-12'),(43,291,5,29,'2018-04-18'),(44,96,2,130,'2018-01-31'),(45,61,11,151,'2018-02-17'),(46,307,19,111,'2018-12-11'),(47,1,18,100,'2018-01-07'),(48,325,19,105,'2018-08-04'),(49,73,10,247,'2018-07-15'),(50,351,1,272,'2018-10-18');
/*!40000 ALTER TABLE `returns` ENABLE KEYS */;
UNLOCK TABLES;

--
-- Table structure for table `staff`
--

DROP TABLE IF EXISTS `staff`;
/*!40101 SET @saved_cs_client     = @@character_set_client */;
 SET character_set_client = utf8mb4 ;
CREATE TABLE `staff` (
  `staff_id` int(11) NOT NULL,
  `fname` varchar(16) DEFAULT NULL,
  `lname` varchar(16) DEFAULT NULL,
  `address_id` int(11) DEFAULT NULL,
  `email` varchar(40) DEFAULT NULL,
  `sex` varchar(6) DEFAULT NULL,
  `dob` date DEFAULT NULL,
  `salary` decimal(10,0) DEFAULT NULL,
  PRIMARY KEY (`staff_id`),
  KEY `address_id` (`address_id`)
) ENGINE=InnoDB DEFAULT CHARSET=utf8mb4 COLLATE=utf8mb4_0900_ai_ci;
/*!40101 SET character_set_client = @saved_cs_client */;

--
-- Dumping data for table `staff`
--

LOCK TABLES `staff` WRITE;
/*!40000 ALTER TABLE `staff` DISABLE KEYS */;
INSERT INTO `staff` VALUES (1,'Adriane','Haycox',677,'ahaycox0@state.gov','Female','1992-04-21',71716),(2,'Lolly','Crispe',493,'lcrispe1@parallels.com','Female','1964-01-03',42418),(3,'Zollie','Postill',427,'zpostill2@discovery.com','Male','1954-08-06',88490),(4,'Jermaine','Dowson',5,'jdowson3@live.com','Male','1954-10-09',69602),(5,'Cairistiona','MacConneely',783,'cmacconneely4@hexun.com','Female','1976-09-24',99908),(6,'Kendrick','Tohill',847,'ktohill5@vinaora.com','Male','1957-06-10',60941),(7,'Ennis','Boshell',424,'eboshell6@hugedomains.com','Male','1993-02-03',35837),(8,'Alphonso','Lamanby',617,'alamanby7@narod.ru','Male','1977-08-17',62448),(9,'Bonny','Faye',918,'bfaye8@e-recht24.de','Female','1967-09-30',34881),(10,'Em','Walkden',915,'ewalkden9@freewebs.com','Female','1994-04-11',62626),(11,'Levi','Crowson',667,'lcrowsona@bbb.org','Male','1960-09-18',72766),(12,'Gnni','Liddon',844,'gliddonb@blogger.com','Female','1976-11-03',96020),(13,'Clerissa','Gooden',603,'cgoodenc@cbsnews.com','Female','1955-12-01',38918),(14,'Hewett','Filmer',64,'hfilmerd@infoseek.co.jp','Male','1968-01-08',52966),(15,'Carlina','Thackeray',18,'cthackeraye@mail.ru','Female','1984-06-17',45343),(16,'Marwin','Mouland',511,'mmoulandf@twitter.com','Male','1970-09-07',29564),(17,'Selby','Tethcote',659,'stethcoteg@tumblr.com','Male','1969-01-10',42767),(18,'Hillier','Stearn',832,'hstearnh@seattletimes.com','Male','1967-09-17',78531),(19,'Granger','Chaperlin',385,'gchaperlini@xinhuanet.com','Male','1964-02-13',52463),(20,'Eirena','Turk',834,'eturkj@reference.com','Female','1965-08-09',91886);
/*!40000 ALTER TABLE `staff` ENABLE KEYS */;
UNLOCK TABLES;

--
-- Temporary view structure for view `stock`
--

DROP TABLE IF EXISTS `stock`;
/*!50001 DROP VIEW IF EXISTS `stock`*/;
SET @saved_cs_client     = @@character_set_client;
SET character_set_client = utf8mb4;
/*!50001 CREATE VIEW `stock` AS SELECT 
 1 AS `product_model`,
 1 AS `number_in_stock`,
 1 AS `Supplier`*/;
SET character_set_client = @saved_cs_client;

--
-- Table structure for table `suppliers`
--

DROP TABLE IF EXISTS `suppliers`;
/*!40101 SET @saved_cs_client     = @@character_set_client */;
 SET character_set_client = utf8mb4 ;
CREATE TABLE `suppliers` (
  `supplier_id` int(11) NOT NULL,
  `fname` varchar(16) DEFAULT NULL,
  `lname` varchar(16) DEFAULT NULL,
  `address_id` int(11) DEFAULT NULL,
  `email` varchar(40) DEFAULT NULL,
  `last_update` date DEFAULT NULL,
  PRIMARY KEY (`supplier_id`),
  KEY `address_id` (`address_id`)
) ENGINE=InnoDB DEFAULT CHARSET=utf8mb4 COLLATE=utf8mb4_0900_ai_ci;
/*!40101 SET character_set_client = @saved_cs_client */;

--
-- Dumping data for table `suppliers`
--

LOCK TABLES `suppliers` WRITE;
/*!40000 ALTER TABLE `suppliers` DISABLE KEYS */;
INSERT INTO `suppliers` VALUES (1,'Kirsten','Hegges',880,'khegges0@va.gov','2018-05-12'),(2,'Cally','Tamblingson',415,'ctamblingson1@statcounter.com','2018-07-13'),(3,'Carly','Welbrock',363,'cwelbrock2@epa.gov','2018-10-23'),(4,'Lucina','Peche',348,'lpeche3@theglobeandmail.com','2018-10-04'),(5,'Oliver','Seeds',747,'oseeds4@cafepress.com','2018-04-09'),(6,'Duncan','Milburn',950,'dmilburn5@examiner.com','2018-08-27'),(7,'Twila','Walduck',260,'twalduck6@4shared.com','2018-09-23'),(8,'Ara','Arnet',53,'aarnet7@microsoft.com','2018-02-07'),(9,'Thea','Blagden',26,'tblagden8@washington.edu','2018-11-26'),(10,'Vi','Allsepp',487,'vallsepp9@ameblo.jp','2018-02-01'),(11,'Obie','Pitherick',158,'opithericka@hubpages.com','2018-10-10'),(12,'Chelsie','Matessian',766,'cmatessianb@jalbum.net','2018-07-02'),(13,'Denis','Standeven',310,'dstandevenc@cdbaby.com','2018-05-16'),(14,'Tammi','Barrett',503,'tbarrettd@webs.com','2018-04-03'),(15,'Ruttger','Thomasson',948,'rthomassone@rediff.com','2018-10-25'),(16,'Alix','Durrington',590,'adurringtonf@creativecommons.org','2018-12-21'),(17,'Sonny','Pierro',570,'spierrog@dailymotion.com','2018-06-23'),(18,'Margaux','Chopy',376,'mchopyh@spotify.com','2018-05-14'),(19,'Orson','De\'Ath',149,'odeathi@cafepress.com','2018-06-15'),(20,'Mark','Van Arsdale',493,'mvanarsdalej@unblog.fr','2018-01-12'),(21,'Renate','Molineaux',860,'rmolineauxk@blogtalkradio.com','2018-06-04'),(22,'Ferrel','Haysar',593,'fhaysarl@barnesandnoble.com','2018-05-16'),(23,'Ryun','Hamstead',120,'rhamsteadm@scientificamerican.com','2018-10-04'),(24,'Stefan','Blas',505,'sblasn@ycombinator.com','2018-04-09'),(25,'Immanuel','Magovern',755,'imagoverno@dailymotion.com','2018-03-22'),(26,'Maggie','Jostan',582,'mjostanp@about.com','2018-05-08'),(27,'Meredith','Orford',794,'morfordq@123-reg.co.uk','2018-07-04'),(28,'Astrix','Mainwaring',59,'amainwaringr@intel.com','2018-08-18'),(29,'Hildy','Dillaway',449,'hdillaways@comsenz.com','2018-06-27'),(30,'Gradeigh','Fontanet',245,'gfontanett@ftc.gov','2018-05-31');
/*!40000 ALTER TABLE `suppliers` ENABLE KEYS */;
UNLOCK TABLES;

--
-- Final view structure for view `stock`
--

/*!50001 DROP VIEW IF EXISTS `stock`*/;
/*!50001 SET @saved_cs_client          = @@character_set_client */;
/*!50001 SET @saved_cs_results         = @@character_set_results */;
/*!50001 SET @saved_col_connection     = @@collation_connection */;
/*!50001 SET character_set_client      = utf8mb4 */;
/*!50001 SET character_set_results     = utf8mb4 */;
/*!50001 SET collation_connection      = utf8mb4_0900_ai_ci */;
/*!50001 CREATE ALGORITHM=UNDEFINED */
/*!50013 DEFINER=`root`@`localhost` SQL SECURITY DEFINER */
/*!50001 VIEW `stock` AS select `products`.`product_model` AS `product_model`,`products`.`number_in_stock` AS `number_in_stock`,concat(`suppliers`.`fname`,' ',`suppliers`.`lname`) AS `Supplier` from (`products` join `suppliers` on((`products`.`supplier_id` = `suppliers`.`supplier_id`))) */;
/*!50001 SET character_set_client      = @saved_cs_client */;
/*!50001 SET character_set_results     = @saved_cs_results */;
/*!50001 SET collation_connection      = @saved_col_connection */;
/*!40103 SET TIME_ZONE=@OLD_TIME_ZONE */;

/*!40101 SET SQL_MODE=@OLD_SQL_MODE */;
/*!40014 SET FOREIGN_KEY_CHECKS=@OLD_FOREIGN_KEY_CHECKS */;
/*!40014 SET UNIQUE_CHECKS=@OLD_UNIQUE_CHECKS */;
/*!40101 SET CHARACTER_SET_CLIENT=@OLD_CHARACTER_SET_CLIENT */;
/*!40101 SET CHARACTER_SET_RESULTS=@OLD_CHARACTER_SET_RESULTS */;
/*!40101 SET COLLATION_CONNECTION=@OLD_COLLATION_CONNECTION */;
/*!40111 SET SQL_NOTES=@OLD_SQL_NOTES */;

-- Dump completed on 2019-04-19 10:44:05
